/Users/kbenlyaz/Desktop/-ft_containers/IMG/center_2021_11_10_08_09_37_549.jpg,/Users/kbenlyaz/Desktop/-ft_containers/IMG/left_2021_11_10_08_09_37_549.jpg,/Users/kbenlyaz/Desktop/-ft_containers/IMG/right_2021_11_10_08_09_37_549.jpg,0,0,0,8.414801
/Users/kbenlyaz/Desktop/-ft_containers/IMG/center_2021_11_10_08_09_37_619.jpg,/Users/kbenlyaz/Desktop/-ft_containers/IMG/left_2021_11_10_08_09_37_619.jpg,/Users/kbenlyaz/Desktop/-ft_containers/IMG/right_2021_11_10_08_09_37_619.jpg,0,0,0,8.34626
/Users/kbenlyaz/Desktop/-ft_containers/IMG/center_2021_11_10_08_09_37_692.jpg,/Users/kbenlyaz/Desktop/-ft_containers/IMG/left_2021_11_10_08_09_37_692.jpg,/Users/kbenlyaz/Desktop/-ft_containers/IMG/right_2021_11_10_08_09_37_692.jpg,0,0,0,8.295221
/Users/kbenlyaz/Desktop/-ft_containers/IMG/center_2021_11_10_08_09_37_764.jpg,/Users/kbenlyaz/Desktop/-ft_containers/IMG/left_2021_11_10_08_09_37_764.jpg,/Users/kbenlyaz/Desktop/-ft_containers/IMG/right_2021_11_10_08_09_37_764.jpg,0,0,0,8.227675
/Users/kbenlyaz/Desktop/-ft_containers/IMG/center_2021_11_10_08_09_37_834.jpg,/Users/kbenlyaz/Desktop/-ft_containers/IMG/left_2021_11_10_08_09_37_834.jpg,/Users/kbenlyaz/Desktop/-ft_containers/IMG/right_2021_11_10_08_09_37_834.jpg,0,0,0,8.177395
/Users/kbenlyaz/Desktop/-ft_containers/IMG/center_2021_11_10_08_09_37_904.jpg,/Users/kbenlyaz/Desktop/-ft_containers/IMG/left_2021_11_10_08_09_37_904.jpg,/Users/kbenlyaz/Desktop/-ft_containers/IMG/right_2021_11_10_08_09_37_904.jpg,0,0,0,8.110496
/Users/kbenlyaz/Desktop/-ft_containers/IMG/center_2021_11_10_08_09_37_972.jpg,/Users/kbenlyaz/Desktop/-ft_containers/IMG/left_2021_11_10_08_09_37_972.jpg,/Users/kbenlyaz/Desktop/-ft_containers/IMG/right_2021_11_10_08_09_37_972.jpg,0,0,0,8.060678
/Users/kbenlyaz/Desktop/-ft_containers/IMG/center_2021_11_10_08_09_38_039.jpg,/Users/kbenlyaz/Desktop/-ft_containers/IMG/left_2021_11_10_08_09_38_039.jpg,/Users/kbenlyaz/Desktop/-ft_containers/IMG/right_2021_11_10_08_09_38_039.jpg,0,0,0,7.994251
/Users/kbenlyaz/Desktop/-ft_containers/IMG/center_2021_11_10_08_09_38_119.jpg,/Users/kbenlyaz/Desktop/-ft_containers/IMG/left_2021_11_10_08_09_38_119.jpg,/Users/kbenlyaz/Desktop/-ft_containers/IMG/right_2021_11_10_08_09_38_119.jpg,0,0,0,7.926795
/Users/kbenlyaz/Desktop/-ft_containers/IMG/center_2021_11_10_08_09_38_187.jpg,/Users/kbenlyaz/Desktop/-ft_containers/IMG/left_2021_11_10_08_09_38_187.jpg,/Users/kbenlyaz/Desktop/-ft_containers/IMG/right_2021_11_10_08_09_38_187.jpg,0,0,0,7.876577
/Users/kbenlyaz/Desktop/-ft_containers/IMG/center_2021_11_10_08_09_38_262.jpg,/Users/kbenlyaz/Desktop/-ft_containers/IMG/left_2021_11_10_08_09_38_262.jpg,/Users/kbenlyaz/Desktop/-ft_containers/IMG/right_2021_11_10_08_09_38_262.jpg,0,0,0,7.8101
/Users/kbenlyaz/Desktop/-ft_containers/IMG/center_2021_11_10_08_09_38_335.jpg,/Users/kbenlyaz/Desktop/-ft_containers/IMG/left_2021_11_10_08_09_38_335.jpg,/Users/kbenlyaz/Desktop/-ft_containers/IMG/right_2021_11_10_08_09_38_335.jpg,0,0,0,7.7606
/Users/kbenlyaz/Desktop/-ft_containers/IMG/center_2021_11_10_08_09_38_410.jpg,/Users/kbenlyaz/Desktop/-ft_containers/IMG/left_2021_11_10_08_09_38_410.jpg,/Users/kbenlyaz/Desktop/-ft_containers/IMG/right_2021_11_10_08_09_38_410.jpg,-0.15,0,0,7.690509
/Users/kbenlyaz/Desktop/-ft_containers/IMG/center_2021_11_10_08_09_38_485.jpg,/Users/kbenlyaz/Desktop/-ft_containers/IMG/left_2021_11_10_08_09_38_485.jpg,/Users/kbenlyaz/Desktop/-ft_containers/IMG/right_2021_11_10_08_09_38_485.jpg,-0.35,0,0,7.601181
/Users/kbenlyaz/Desktop/-ft_containers/IMG/center_2021_11_10_08_09_38_560.jpg,/Users/kbenlyaz/Desktop/-ft_containers/IMG/left_2021_11_10_08_09_38_560.jpg,/Users/kbenlyaz/Desktop/-ft_containers/IMG/right_2021_11_10_08_09_38_560.jpg,-0.5500001,0,0,7.49446
/Users/kbenlyaz/Desktop/-ft_containers/IMG/center_2021_11_10_08_09_38_637.jpg,/Users/kbenlyaz/Desktop/-ft_containers/IMG/left_2021_11_10_08_09_38_637.jpg,/Users/kbenlyaz/Desktop/-ft_containers/IMG/right_2021_11_10_08_09_38_637.jpg,-0.7,0,0,7.404323
/Users/kbenlyaz/Desktop/-ft_containers/IMG/center_2021_11_10_08_09_38_707.jpg,/Users/kbenlyaz/Desktop/-ft_containers/IMG/left_2021_11_10_08_09_38_707.jpg,/Users/kbenlyaz/Desktop/-ft_containers/IMG/right_2021_11_10_08_09_38_707.jpg,-0.9000002,0,0,7.269546
/Users/kbenlyaz/Desktop/-ft_containers/IMG/center_2021_11_10_08_09_38_778.jpg,/Users/kbenlyaz/Desktop/-ft_containers/IMG/left_2021_11_10_08_09_38_778.jpg,/Users/kbenlyaz/Desktop/-ft_containers/IMG/right_2021_11_10_08_09_38_778.jpg,-1,0,0,7.163165
/Users/kbenlyaz/Desktop/-ft_containers/IMG/center_2021_11_10_08_09_38_851.jpg,/Users/kbenlyaz/Desktop/-ft_containers/IMG/left_2021_11_10_08_09_38_851.jpg,/Users/kbenlyaz/Desktop/-ft_containers/IMG/right_2021_11_10_08_09_38_851.jpg,-1,0,0,7.067319
/Users/kbenlyaz/Desktop/-ft_containers/IMG/center_2021_11_10_08_09_38_928.jpg,/Users/kbenlyaz/Desktop/-ft_containers/IMG/left_2021_11_10_08_09_38_928.jpg,/Users/kbenlyaz/Desktop/-ft_containers/IMG/right_2021_11_10_08_09_38_928.jpg,-1,0,0,6.988556
/Users/kbenlyaz/Desktop/-ft_containers/IMG/center_2021_11_10_08_09_39_007.jpg,/Users/kbenlyaz/Desktop/-ft_containers/IMG/left_2021_11_10_08_09_39_007.jpg,/Users/kbenlyaz/Desktop/-ft_containers/IMG/right_2021_11_10_08_09_39_007.jpg,-1,0,0,6.914031
/Users/kbenlyaz/Desktop/-ft_containers/IMG/center_2021_11_10_08_09_39_083.jpg,/Users/kbenlyaz/Desktop/-ft_containers/IMG/left_2021_11_10_08_09_39_083.jpg,/Users/kbenlyaz/Desktop/-ft_containers/IMG/right_2021_11_10_08_09_39_083.jpg,-1,0,0,6.8413
/Users/kbenlyaz/Desktop/-ft_containers/IMG/center_2021_11_10_08_09_39_152.jpg,/Users/kbenlyaz/Desktop/-ft_containers/IMG/left_2021_11_10_08_09_39_152.jpg,/Users/kbenlyaz/Desktop/-ft_containers/IMG/right_2021_11_10_08_09_39_152.jpg,0,0.0848397,0,6.666562
/Users/kbenlyaz/Desktop/-ft_containers/IMG/center_2021_11_10_08_09_39_222.jpg,/Users/kbenlyaz/Desktop/-ft_containers/IMG/left_2021_11_10_08_09_39_222.jpg,/Users/kbenlyaz/Desktop/-ft_containers/IMG/right_2021_11_10_08_09_39_222.jpg,0,0.2936007,0,6.764798
/Users/kbenlyaz/Desktop/-ft_containers/IMG/center_2021_11_10_08_09_39_291.jpg,/Users/kbenlyaz/Desktop/-ft_containers/IMG/left_2021_11_10_08_09_39_291.jpg,/Users/kbenlyaz/Desktop/-ft_containers/IMG/right_2021_11_10_08_09_39_291.jpg,0,0.5014769,0,7.024938
/Users/kbenlyaz/Desktop/-ft_containers/IMG/center_2021_11_10_08_09_39_361.jpg,/Users/kbenlyaz/Desktop/-ft_containers/IMG/left_2021_11_10_08_09_39_361.jpg,/Users/kbenlyaz/Desktop/-ft_containers/IMG/right_2021_11_10_08_09_39_361.jpg,0,0.7109817,0,7.561961
/Users/kbenlyaz/Desktop/-ft_containers/IMG/center_2021_11_10_08_09_39_429.jpg,/Users/kbenlyaz/Desktop/-ft_containers/IMG/left_2021_11_10_08_09_39_429.jpg,/Users/kbenlyaz/Desktop/-ft_containers/IMG/right_2021_11_10_08_09_39_429.jpg,0,0.9150538,0,8.117435
/Users/kbenlyaz/Desktop/-ft_containers/IMG/center_2021_11_10_08_09_39_496.jpg,/Users/kbenlyaz/Desktop/-ft_containers/IMG/left_2021_11_10_08_09_39_496.jpg,/Users/kbenlyaz/Desktop/-ft_containers/IMG/right_2021_11_10_08_09_39_496.jpg,0,1,0,8.777154
/Users/kbenlyaz/Desktop/-ft_containers/IMG/center_2021_11_10_08_09_39_575.jpg,/Users/kbenlyaz/Desktop/-ft_containers/IMG/left_2021_11_10_08_09_39_575.jpg,/Users/kbenlyaz/Desktop/-ft_containers/IMG/right_2021_11_10_08_09_39_575.jpg,-0.15,1,0,9.667729
/Users/kbenlyaz/Desktop/-ft_containers/IMG/center_2021_11_10_08_09_39_655.jpg,/Users/kbenlyaz/Desktop/-ft_containers/IMG/left_2021_11_10_08_09_39_655.jpg,/Users/kbenlyaz/Desktop/-ft_containers/IMG/right_2021_11_10_08_09_39_655.jpg,-0.35,0.8398027,0,10.46221
/Users/kbenlyaz/Desktop/-ft_containers/IMG/center_2021_11_10_08_09_39_724.jpg,/Users/kbenlyaz/Desktop/-ft_containers/IMG/left_2021_11_10_08_09_39_724.jpg,/Users/kbenlyaz/Desktop/-ft_containers/IMG/right_2021_11_10_08_09_39_724.jpg,-0.5500001,0.5934998,0,10.99282
/Users/kbenlyaz/Desktop/-ft_containers/IMG/center_2021_11_10_08_09_39_795.jpg,/Users/kbenlyaz/Desktop/-ft_containers/IMG/left_2021_11_10_08_09_39_795.jpg,/Users/kbenlyaz/Desktop/-ft_containers/IMG/right_2021_11_10_08_09_39_795.jpg,-0.7,0.421783,0,11.22341
/Users/kbenlyaz/Desktop/-ft_containers/IMG/center_2021_11_10_08_09_39_868.jpg,/Users/kbenlyaz/Desktop/-ft_containers/IMG/left_2021_11_10_08_09_39_868.jpg,/Users/kbenlyaz/Desktop/-ft_containers/IMG/right_2021_11_10_08_09_39_868.jpg,-0.9000002,0.162295,0,11.29315
/Users/kbenlyaz/Desktop/-ft_containers/IMG/center_2021_11_10_08_09_39_939.jpg,/Users/kbenlyaz/Desktop/-ft_containers/IMG/left_2021_11_10_08_09_39_939.jpg,/Users/kbenlyaz/Desktop/-ft_containers/IMG/right_2021_11_10_08_09_39_939.jpg,-1,0,0,11.13728
/Users/kbenlyaz/Desktop/-ft_containers/IMG/center_2021_11_10_08_09_40_011.jpg,/Users/kbenlyaz/Desktop/-ft_containers/IMG/left_2021_11_10_08_09_40_011.jpg,/Users/kbenlyaz/Desktop/-ft_containers/IMG/right_2021_11_10_08_09_40_011.jpg,0,0.1315413,0,11.02709
/Users/kbenlyaz/Desktop/-ft_containers/IMG/center_2021_11_10_08_09_40_083.jpg,/Users/kbenlyaz/Desktop/-ft_containers/IMG/left_2021_11_10_08_09_40_083.jpg,/Users/kbenlyaz/Desktop/-ft_containers/IMG/right_2021_11_10_08_09_40_083.jpg,0,0.3480152,0,11.01393
/Users/kbenlyaz/Desktop/-ft_containers/IMG/center_2021_11_10_08_09_40_157.jpg,/Users/kbenlyaz/Desktop/-ft_containers/IMG/left_2021_11_10_08_09_40_157.jpg,/Users/kbenlyaz/Desktop/-ft_containers/IMG/right_2021_11_10_08_09_40_157.jpg,0,0.5236713,0,11.24422
/Users/kbenlyaz/Desktop/-ft_containers/IMG/center_2021_11_10_08_09_40_232.jpg,/Users/kbenlyaz/Desktop/-ft_containers/IMG/left_2021_11_10_08_09_40_232.jpg,/Users/kbenlyaz/Desktop/-ft_containers/IMG/right_2021_11_10_08_09_40_232.jpg,0,0.7517731,0,11.43622
/Users/kbenlyaz/Desktop/-ft_containers/IMG/center_2021_11_10_08_09_40_309.jpg,/Users/kbenlyaz/Desktop/-ft_containers/IMG/left_2021_11_10_08_09_40_309.jpg,/Users/kbenlyaz/Desktop/-ft_containers/IMG/right_2021_11_10_08_09_40_309.jpg,0,1,0,12.42248
/Users/kbenlyaz/Desktop/-ft_containers/IMG/center_2021_11_10_08_09_40_396.jpg,/Users/kbenlyaz/Desktop/-ft_containers/IMG/left_2021_11_10_08_09_40_396.jpg,/Users/kbenlyaz/Desktop/-ft_containers/IMG/right_2021_11_10_08_09_40_396.jpg,0,1,0,13.41227
/Users/kbenlyaz/Desktop/-ft_containers/IMG/center_2021_11_10_08_09_40_467.jpg,/Users/kbenlyaz/Desktop/-ft_containers/IMG/left_2021_11_10_08_09_40_467.jpg,/Users/kbenlyaz/Desktop/-ft_containers/IMG/right_2021_11_10_08_09_40_467.jpg,0,1,0,14.28088
/Users/kbenlyaz/Desktop/-ft_containers/IMG/center_2021_11_10_08_09_40_546.jpg,/Users/kbenlyaz/Desktop/-ft_containers/IMG/left_2021_11_10_08_09_40_546.jpg,/Users/kbenlyaz/Desktop/-ft_containers/IMG/right_2021_11_10_08_09_40_546.jpg,0,1,0,15.17228
/Users/kbenlyaz/Desktop/-ft_containers/IMG/center_2021_11_10_08_09_40_623.jpg,/Users/kbenlyaz/Desktop/-ft_containers/IMG/left_2021_11_10_08_09_40_623.jpg,/Users/kbenlyaz/Desktop/-ft_containers/IMG/right_2021_11_10_08_09_40_623.jpg,0,1,0,16.0386
/Users/kbenlyaz/Desktop/-ft_containers/IMG/center_2021_11_10_08_09_40_700.jpg,/Users/kbenlyaz/Desktop/-ft_containers/IMG/left_2021_11_10_08_09_40_700.jpg,/Users/kbenlyaz/Desktop/-ft_containers/IMG/right_2021_11_10_08_09_40_700.jpg,0,1,0,16.89576
/Users/kbenlyaz/Desktop/-ft_containers/IMG/center_2021_11_10_08_09_40_778.jpg,/Users/kbenlyaz/Desktop/-ft_containers/IMG/left_2021_11_10_08_09_40_778.jpg,/Users/kbenlyaz/Desktop/-ft_containers/IMG/right_2021_11_10_08_09_40_778.jpg,-0.1,1,0,17.73403
/Users/kbenlyaz/Desktop/-ft_containers/IMG/center_2021_11_10_08_09_40_855.jpg,/Users/kbenlyaz/Desktop/-ft_containers/IMG/left_2021_11_10_08_09_40_855.jpg,/Users/kbenlyaz/Desktop/-ft_containers/IMG/right_2021_11_10_08_09_40_855.jpg,-0.25,0.860494,0,18.10994
/Users/kbenlyaz/Desktop/-ft_containers/IMG/center_2021_11_10_08_09_40_929.jpg,/Users/kbenlyaz/Desktop/-ft_containers/IMG/left_2021_11_10_08_09_40_929.jpg,/Users/kbenlyaz/Desktop/-ft_containers/IMG/right_2021_11_10_08_09_40_929.jpg,-0.45,0.5922999,0,18.56475
/Users/kbenlyaz/Desktop/-ft_containers/IMG/center_2021_11_10_08_09_41_005.jpg,/Users/kbenlyaz/Desktop/-ft_containers/IMG/left_2021_11_10_08_09_41_005.jpg,/Users/kbenlyaz/Desktop/-ft_containers/IMG/right_2021_11_10_08_09_41_005.jpg,-0.6500001,0.3644681,0,18.73148
/Users/kbenlyaz/Desktop/-ft_containers/IMG/center_2021_11_10_08_09_41_080.jpg,/Users/kbenlyaz/Desktop/-ft_containers/IMG/left_2021_11_10_08_09_41_080.jpg,/Users/kbenlyaz/Desktop/-ft_containers/IMG/right_2021_11_10_08_09_41_080.jpg,0,0.1393149,0,18.72515
/Users/kbenlyaz/Desktop/-ft_containers/IMG/center_2021_11_10_08_09_41_152.jpg,/Users/kbenlyaz/Desktop/-ft_containers/IMG/left_2021_11_10_08_09_41_152.jpg,/Users/kbenlyaz/Desktop/-ft_containers/IMG/right_2021_11_10_08_09_41_152.jpg,0,0.04658103,0,18.85427
/Users/kbenlyaz/Desktop/-ft_containers/IMG/center_2021_11_10_08_09_41_224.jpg,/Users/kbenlyaz/Desktop/-ft_containers/IMG/left_2021_11_10_08_09_41_224.jpg,/Users/kbenlyaz/Desktop/-ft_containers/IMG/right_2021_11_10_08_09_41_224.jpg,0,0.2635438,0,18.8253
/Users/kbenlyaz/Desktop/-ft_containers/IMG/center_2021_11_10_08_09_41_305.jpg,/Users/kbenlyaz/Desktop/-ft_containers/IMG/left_2021_11_10_08_09_41_305.jpg,/Users/kbenlyaz/Desktop/-ft_containers/IMG/right_2021_11_10_08_09_41_305.jpg,0,0.5040507,0,19.02028
/Users/kbenlyaz/Desktop/-ft_containers/IMG/center_2021_11_10_08_09_41_376.jpg,/Users/kbenlyaz/Desktop/-ft_containers/IMG/left_2021_11_10_08_09_41_376.jpg,/Users/kbenlyaz/Desktop/-ft_containers/IMG/right_2021_11_10_08_09_41_376.jpg,0,0.6702179,0,19.07094
/Users/kbenlyaz/Desktop/-ft_containers/IMG/center_2021_11_10_08_09_41_450.jpg,/Users/kbenlyaz/Desktop/-ft_containers/IMG/left_2021_11_10_08_09_41_450.jpg,/Users/kbenlyaz/Desktop/-ft_containers/IMG/right_2021_11_10_08_09_41_450.jpg,0,0.4980987,0,19.53219
/Users/kbenlyaz/Desktop/-ft_containers/IMG/center_2021_11_10_08_09_41_519.jpg,/Users/kbenlyaz/Desktop/-ft_containers/IMG/left_2021_11_10_08_09_41_519.jpg,/Users/kbenlyaz/Desktop/-ft_containers/IMG/right_2021_11_10_08_09_41_519.jpg,0,0.7068747,0,19.98314
/Users/kbenlyaz/Desktop/-ft_containers/IMG/center_2021_11_10_08_09_41_590.jpg,/Users/kbenlyaz/Desktop/-ft_containers/IMG/left_2021_11_10_08_09_41_590.jpg,/Users/kbenlyaz/Desktop/-ft_containers/IMG/right_2021_11_10_08_09_41_590.jpg,0,0.9169979,0,20.6279
/Users/kbenlyaz/Desktop/-ft_containers/IMG/center_2021_11_10_08_09_41_662.jpg,/Users/kbenlyaz/Desktop/-ft_containers/IMG/left_2021_11_10_08_09_41_662.jpg,/Users/kbenlyaz/Desktop/-ft_containers/IMG/right_2021_11_10_08_09_41_662.jpg,0,0.8692302,0,21.35413
/Users/kbenlyaz/Desktop/-ft_containers/IMG/center_2021_11_10_08_09_41_732.jpg,/Users/kbenlyaz/Desktop/-ft_containers/IMG/left_2021_11_10_08_09_41_732.jpg,/Users/kbenlyaz/Desktop/-ft_containers/IMG/right_2021_11_10_08_09_41_732.jpg,0,0.696394,0,21.72063
/Users/kbenlyaz/Desktop/-ft_containers/IMG/center_2021_11_10_08_09_41_810.jpg,/Users/kbenlyaz/Desktop/-ft_containers/IMG/left_2021_11_10_08_09_41_810.jpg,/Users/kbenlyaz/Desktop/-ft_containers/IMG/right_2021_11_10_08_09_41_810.jpg,0,0.9687401,0,22.36363
/Users/kbenlyaz/Desktop/-ft_containers/IMG/center_2021_11_10_08_09_41_888.jpg,/Users/kbenlyaz/Desktop/-ft_containers/IMG/left_2021_11_10_08_09_41_888.jpg,/Users/kbenlyaz/Desktop/-ft_containers/IMG/right_2021_11_10_08_09_41_888.jpg,0,0.858781,0,23.11796
/Users/kbenlyaz/Desktop/-ft_containers/IMG/center_2021_11_10_08_09_41_965.jpg,/Users/kbenlyaz/Desktop/-ft_containers/IMG/left_2021_11_10_08_09_41_965.jpg,/Users/kbenlyaz/Desktop/-ft_containers/IMG/right_2021_11_10_08_09_41_965.jpg,0,0.902482,0,23.74053
/Users/kbenlyaz/Desktop/-ft_containers/IMG/center_2021_11_10_08_09_42_040.jpg,/Users/kbenlyaz/Desktop/-ft_containers/IMG/left_2021_11_10_08_09_42_040.jpg,/Users/kbenlyaz/Desktop/-ft_containers/IMG/right_2021_11_10_08_09_42_040.jpg,0,1,0,24.49133
/Users/kbenlyaz/Desktop/-ft_containers/IMG/center_2021_11_10_08_09_42_116.jpg,/Users/kbenlyaz/Desktop/-ft_containers/IMG/left_2021_11_10_08_09_42_116.jpg,/Users/kbenlyaz/Desktop/-ft_containers/IMG/right_2021_11_10_08_09_42_116.jpg,0,1,0,25.07205
/Users/kbenlyaz/Desktop/-ft_containers/IMG/center_2021_11_10_08_09_42_191.jpg,/Users/kbenlyaz/Desktop/-ft_containers/IMG/left_2021_11_10_08_09_42_191.jpg,/Users/kbenlyaz/Desktop/-ft_containers/IMG/right_2021_11_10_08_09_42_191.jpg,0,0.7291058,0,25.72066
/Users/kbenlyaz/Desktop/-ft_containers/IMG/center_2021_11_10_08_09_42_268.jpg,/Users/kbenlyaz/Desktop/-ft_containers/IMG/left_2021_11_10_08_09_42_268.jpg,/Users/kbenlyaz/Desktop/-ft_containers/IMG/right_2021_11_10_08_09_42_268.jpg,0,0.4993088,0,26.11757
/Users/kbenlyaz/Desktop/-ft_containers/IMG/center_2021_11_10_08_09_42_345.jpg,/Users/kbenlyaz/Desktop/-ft_containers/IMG/left_2021_11_10_08_09_42_345.jpg,/Users/kbenlyaz/Desktop/-ft_containers/IMG/right_2021_11_10_08_09_42_345.jpg,0,0.266923,0,26.2903
/Users/kbenlyaz/Desktop/-ft_containers/IMG/center_2021_11_10_08_09_42_421.jpg,/Users/kbenlyaz/Desktop/-ft_containers/IMG/left_2021_11_10_08_09_42_421.jpg,/Users/kbenlyaz/Desktop/-ft_containers/IMG/right_2021_11_10_08_09_42_421.jpg,0,0.04056096,0,26.23398
/Users/kbenlyaz/Desktop/-ft_containers/IMG/center_2021_11_10_08_09_42_496.jpg,/Users/kbenlyaz/Desktop/-ft_containers/IMG/left_2021_11_10_08_09_42_496.jpg,/Users/kbenlyaz/Desktop/-ft_containers/IMG/right_2021_11_10_08_09_42_496.jpg,0,0,0,26.07982
/Users/kbenlyaz/Desktop/-ft_containers/IMG/center_2021_11_10_08_09_42_571.jpg,/Users/kbenlyaz/Desktop/-ft_containers/IMG/left_2021_11_10_08_09_42_571.jpg,/Users/kbenlyaz/Desktop/-ft_containers/IMG/right_2021_11_10_08_09_42_571.jpg,-0.05,0,0,25.86913
/Users/kbenlyaz/Desktop/-ft_containers/IMG/center_2021_11_10_08_09_42_647.jpg,/Users/kbenlyaz/Desktop/-ft_containers/IMG/left_2021_11_10_08_09_42_647.jpg,/Users/kbenlyaz/Desktop/-ft_containers/IMG/right_2021_11_10_08_09_42_647.jpg,-0.25,0,0,25.62952
/Users/kbenlyaz/Desktop/-ft_containers/IMG/center_2021_11_10_08_09_42_720.jpg,/Users/kbenlyaz/Desktop/-ft_containers/IMG/left_2021_11_10_08_09_42_720.jpg,/Users/kbenlyaz/Desktop/-ft_containers/IMG/right_2021_11_10_08_09_42_720.jpg,-0.45,0,0,25.3195
/Users/kbenlyaz/Desktop/-ft_containers/IMG/center_2021_11_10_08_09_42_794.jpg,/Users/kbenlyaz/Desktop/-ft_containers/IMG/left_2021_11_10_08_09_42_794.jpg,/Users/kbenlyaz/Desktop/-ft_containers/IMG/right_2021_11_10_08_09_42_794.jpg,-0.6000001,0,0,25.03694
/Users/kbenlyaz/Desktop/-ft_containers/IMG/center_2021_11_10_08_09_42_866.jpg,/Users/kbenlyaz/Desktop/-ft_containers/IMG/left_2021_11_10_08_09_42_866.jpg,/Users/kbenlyaz/Desktop/-ft_containers/IMG/right_2021_11_10_08_09_42_866.jpg,0,0,0,24.74269
/Users/kbenlyaz/Desktop/-ft_containers/IMG/center_2021_11_10_08_09_42_937.jpg,/Users/kbenlyaz/Desktop/-ft_containers/IMG/left_2021_11_10_08_09_42_937.jpg,/Users/kbenlyaz/Desktop/-ft_containers/IMG/right_2021_11_10_08_09_42_937.jpg,0,0,0,24.57753
/Users/kbenlyaz/Desktop/-ft_containers/IMG/center_2021_11_10_08_09_43_009.jpg,/Users/kbenlyaz/Desktop/-ft_containers/IMG/left_2021_11_10_08_09_43_009.jpg,/Users/kbenlyaz/Desktop/-ft_containers/IMG/right_2021_11_10_08_09_43_009.jpg,0,0,0,24.37554
/Users/kbenlyaz/Desktop/-ft_containers/IMG/center_2021_11_10_08_09_43_082.jpg,/Users/kbenlyaz/Desktop/-ft_containers/IMG/left_2021_11_10_08_09_43_082.jpg,/Users/kbenlyaz/Desktop/-ft_containers/IMG/right_2021_11_10_08_09_43_082.jpg,0,0.2187181,0,24.2755
/Users/kbenlyaz/Desktop/-ft_containers/IMG/center_2021_11_10_08_09_43_153.jpg,/Users/kbenlyaz/Desktop/-ft_containers/IMG/left_2021_11_10_08_09_43_153.jpg,/Users/kbenlyaz/Desktop/-ft_containers/IMG/right_2021_11_10_08_09_43_153.jpg,0,0.3884729,0,24.34952
/Users/kbenlyaz/Desktop/-ft_containers/IMG/center_2021_11_10_08_09_43_227.jpg,/Users/kbenlyaz/Desktop/-ft_containers/IMG/left_2021_11_10_08_09_43_227.jpg,/Users/kbenlyaz/Desktop/-ft_containers/IMG/right_2021_11_10_08_09_43_227.jpg,0,0.6533761,0,24.66611
/Users/kbenlyaz/Desktop/-ft_containers/IMG/center_2021_11_10_08_09_43_300.jpg,/Users/kbenlyaz/Desktop/-ft_containers/IMG/left_2021_11_10_08_09_43_300.jpg,/Users/kbenlyaz/Desktop/-ft_containers/IMG/right_2021_11_10_08_09_43_300.jpg,0,0.8726732,0,25.20246
/Users/kbenlyaz/Desktop/-ft_containers/IMG/center_2021_11_10_08_09_43_373.jpg,/Users/kbenlyaz/Desktop/-ft_containers/IMG/left_2021_11_10_08_09_43_373.jpg,/Users/kbenlyaz/Desktop/-ft_containers/IMG/right_2021_11_10_08_09_43_373.jpg,0,1,0,25.75049
/Users/kbenlyaz/Desktop/-ft_containers/IMG/center_2021_11_10_08_09_43_445.jpg,/Users/kbenlyaz/Desktop/-ft_containers/IMG/left_2021_11_10_08_09_43_445.jpg,/Users/kbenlyaz/Desktop/-ft_containers/IMG/right_2021_11_10_08_09_43_445.jpg,0,1,0,26.51089
/Users/kbenlyaz/Desktop/-ft_containers/IMG/center_2021_11_10_08_09_43_518.jpg,/Users/kbenlyaz/Desktop/-ft_containers/IMG/left_2021_11_10_08_09_43_518.jpg,/Users/kbenlyaz/Desktop/-ft_containers/IMG/right_2021_11_10_08_09_43_518.jpg,0,0.8701929,0,27.22555
/Users/kbenlyaz/Desktop/-ft_containers/IMG/center_2021_11_10_08_09_43_590.jpg,/Users/kbenlyaz/Desktop/-ft_containers/IMG/left_2021_11_10_08_09_43_590.jpg,/Users/kbenlyaz/Desktop/-ft_containers/IMG/right_2021_11_10_08_09_43_590.jpg,0,0.6535991,0,27.63367
/Users/kbenlyaz/Desktop/-ft_containers/IMG/center_2021_11_10_08_09_43_662.jpg,/Users/kbenlyaz/Desktop/-ft_containers/IMG/left_2021_11_10_08_09_43_662.jpg,/Users/kbenlyaz/Desktop/-ft_containers/IMG/right_2021_11_10_08_09_43_662.jpg,-0.1,0.4380819,0,27.94868
/Users/kbenlyaz/Desktop/-ft_containers/IMG/center_2021_11_10_08_09_43_735.jpg,/Users/kbenlyaz/Desktop/-ft_containers/IMG/left_2021_11_10_08_09_43_735.jpg,/Users/kbenlyaz/Desktop/-ft_containers/IMG/right_2021_11_10_08_09_43_735.jpg,-0.25,0.2634339,0,28.00331
/Users/kbenlyaz/Desktop/-ft_containers/IMG/center_2021_11_10_08_09_43_807.jpg,/Users/kbenlyaz/Desktop/-ft_containers/IMG/left_2021_11_10_08_09_43_807.jpg,/Users/kbenlyaz/Desktop/-ft_containers/IMG/right_2021_11_10_08_09_43_807.jpg,-0.45,0.002539039,0,27.81027
/Users/kbenlyaz/Desktop/-ft_containers/IMG/center_2021_11_10_08_09_43_883.jpg,/Users/kbenlyaz/Desktop/-ft_containers/IMG/left_2021_11_10_08_09_43_883.jpg,/Users/kbenlyaz/Desktop/-ft_containers/IMG/right_2021_11_10_08_09_43_883.jpg,0,0.04643691,0,27.47626
/Users/kbenlyaz/Desktop/-ft_containers/IMG/center_2021_11_10_08_09_43_956.jpg,/Users/kbenlyaz/Desktop/-ft_containers/IMG/left_2021_11_10_08_09_43_956.jpg,/Users/kbenlyaz/Desktop/-ft_containers/IMG/right_2021_11_10_08_09_43_956.jpg,0,0.22359,0,27.39917
/Users/kbenlyaz/Desktop/-ft_containers/IMG/center_2021_11_10_08_09_44_032.jpg,/Users/kbenlyaz/Desktop/-ft_containers/IMG/left_2021_11_10_08_09_44_032.jpg,/Users/kbenlyaz/Desktop/-ft_containers/IMG/right_2021_11_10_08_09_44_032.jpg,0,0.4929689,0,27.50994
/Users/kbenlyaz/Desktop/-ft_containers/IMG/center_2021_11_10_08_09_44_109.jpg,/Users/kbenlyaz/Desktop/-ft_containers/IMG/left_2021_11_10_08_09_44_109.jpg,/Users/kbenlyaz/Desktop/-ft_containers/IMG/right_2021_11_10_08_09_44_109.jpg,0,0.7248809,0,27.85109
/Users/kbenlyaz/Desktop/-ft_containers/IMG/center_2021_11_10_08_09_44_186.jpg,/Users/kbenlyaz/Desktop/-ft_containers/IMG/left_2021_11_10_08_09_44_186.jpg,/Users/kbenlyaz/Desktop/-ft_containers/IMG/right_2021_11_10_08_09_44_186.jpg,0,0.4927021,0,28.23783
/Users/kbenlyaz/Desktop/-ft_containers/IMG/center_2021_11_10_08_09_44_264.jpg,/Users/kbenlyaz/Desktop/-ft_containers/IMG/left_2021_11_10_08_09_44_264.jpg,/Users/kbenlyaz/Desktop/-ft_containers/IMG/right_2021_11_10_08_09_44_264.jpg,0,0.2592809,0,28.39033
/Users/kbenlyaz/Desktop/-ft_containers/IMG/center_2021_11_10_08_09_44_339.jpg,/Users/kbenlyaz/Desktop/-ft_containers/IMG/left_2021_11_10_08_09_44_339.jpg,/Users/kbenlyaz/Desktop/-ft_containers/IMG/right_2021_11_10_08_09_44_339.jpg,0,0.1273044,0,28.31305
/Users/kbenlyaz/Desktop/-ft_containers/IMG/center_2021_11_10_08_09_44_417.jpg,/Users/kbenlyaz/Desktop/-ft_containers/IMG/left_2021_11_10_08_09_44_417.jpg,/Users/kbenlyaz/Desktop/-ft_containers/IMG/right_2021_11_10_08_09_44_417.jpg,0,0.3127166,0,28.30491
/Users/kbenlyaz/Desktop/-ft_containers/IMG/center_2021_11_10_08_09_44_495.jpg,/Users/kbenlyaz/Desktop/-ft_containers/IMG/left_2021_11_10_08_09_44_495.jpg,/Users/kbenlyaz/Desktop/-ft_containers/IMG/right_2021_11_10_08_09_44_495.jpg,0,0.5488465,0,28.50277
/Users/kbenlyaz/Desktop/-ft_containers/IMG/center_2021_11_10_08_09_44_573.jpg,/Users/kbenlyaz/Desktop/-ft_containers/IMG/left_2021_11_10_08_09_44_573.jpg,/Users/kbenlyaz/Desktop/-ft_containers/IMG/right_2021_11_10_08_09_44_573.jpg,-0.1,0.5503736,0,28.88869
/Users/kbenlyaz/Desktop/-ft_containers/IMG/center_2021_11_10_08_09_44_650.jpg,/Users/kbenlyaz/Desktop/-ft_containers/IMG/left_2021_11_10_08_09_44_650.jpg,/Users/kbenlyaz/Desktop/-ft_containers/IMG/right_2021_11_10_08_09_44_650.jpg,-0.3,0.3178074,0,29.05638
/Users/kbenlyaz/Desktop/-ft_containers/IMG/center_2021_11_10_08_09_44_727.jpg,/Users/kbenlyaz/Desktop/-ft_containers/IMG/left_2021_11_10_08_09_44_727.jpg,/Users/kbenlyaz/Desktop/-ft_containers/IMG/right_2021_11_10_08_09_44_727.jpg,-0.5000001,0.08794427,0,28.89854
/Users/kbenlyaz/Desktop/-ft_containers/IMG/center_2021_11_10_08_09_44_808.jpg,/Users/kbenlyaz/Desktop/-ft_containers/IMG/left_2021_11_10_08_09_44_808.jpg,/Users/kbenlyaz/Desktop/-ft_containers/IMG/right_2021_11_10_08_09_44_808.jpg,0,0,0,28.56673
/Users/kbenlyaz/Desktop/-ft_containers/IMG/center_2021_11_10_08_09_44_890.jpg,/Users/kbenlyaz/Desktop/-ft_containers/IMG/left_2021_11_10_08_09_44_890.jpg,/Users/kbenlyaz/Desktop/-ft_containers/IMG/right_2021_11_10_08_09_44_890.jpg,0,0.09706807,0,28.33666
/Users/kbenlyaz/Desktop/-ft_containers/IMG/center_2021_11_10_08_09_44_970.jpg,/Users/kbenlyaz/Desktop/-ft_containers/IMG/left_2021_11_10_08_09_44_970.jpg,/Users/kbenlyaz/Desktop/-ft_containers/IMG/right_2021_11_10_08_09_44_970.jpg,0,0.337458,0,28.28381
/Users/kbenlyaz/Desktop/-ft_containers/IMG/center_2021_11_10_08_09_45_051.jpg,/Users/kbenlyaz/Desktop/-ft_containers/IMG/left_2021_11_10_08_09_45_051.jpg,/Users/kbenlyaz/Desktop/-ft_containers/IMG/right_2021_11_10_08_09_45_051.jpg,0,0.5799662,0,28.471
/Users/kbenlyaz/Desktop/-ft_containers/IMG/center_2021_11_10_08_09_45_131.jpg,/Users/kbenlyaz/Desktop/-ft_containers/IMG/left_2021_11_10_08_09_45_131.jpg,/Users/kbenlyaz/Desktop/-ft_containers/IMG/right_2021_11_10_08_09_45_131.jpg,0,0.819393,0,28.89163
/Users/kbenlyaz/Desktop/-ft_containers/IMG/center_2021_11_10_08_09_45_212.jpg,/Users/kbenlyaz/Desktop/-ft_containers/IMG/left_2021_11_10_08_09_45_212.jpg,/Users/kbenlyaz/Desktop/-ft_containers/IMG/right_2021_11_10_08_09_45_212.jpg,0,1,0,29.53796
/Users/kbenlyaz/Desktop/-ft_containers/IMG/center_2021_11_10_08_09_45_295.jpg,/Users/kbenlyaz/Desktop/-ft_containers/IMG/left_2021_11_10_08_09_45_295.jpg,/Users/kbenlyaz/Desktop/-ft_containers/IMG/right_2021_11_10_08_09_45_295.jpg,0,1,0,30.18661
/Users/kbenlyaz/Desktop/-ft_containers/IMG/center_2021_11_10_08_09_45_377.jpg,/Users/kbenlyaz/Desktop/-ft_containers/IMG/left_2021_11_10_08_09_45_377.jpg,/Users/kbenlyaz/Desktop/-ft_containers/IMG/right_2021_11_10_08_09_45_377.jpg,0,1,0,30.19002
/Users/kbenlyaz/Desktop/-ft_containers/IMG/center_2021_11_10_08_09_45_444.jpg,/Users/kbenlyaz/Desktop/-ft_containers/IMG/left_2021_11_10_08_09_45_444.jpg,/Users/kbenlyaz/Desktop/-ft_containers/IMG/right_2021_11_10_08_09_45_444.jpg,0,1,0,30.19056
/Users/kbenlyaz/Desktop/-ft_containers/IMG/center_2021_11_10_08_09_45_526.jpg,/Users/kbenlyaz/Desktop/-ft_containers/IMG/left_2021_11_10_08_09_45_526.jpg,/Users/kbenlyaz/Desktop/-ft_containers/IMG/right_2021_11_10_08_09_45_526.jpg,0,1,0,30.19044
/Users/kbenlyaz/Desktop/-ft_containers/IMG/center_2021_11_10_08_09_45_607.jpg,/Users/kbenlyaz/Desktop/-ft_containers/IMG/left_2021_11_10_08_09_45_607.jpg,/Users/kbenlyaz/Desktop/-ft_containers/IMG/right_2021_11_10_08_09_45_607.jpg,0,1,0,30.18967
/Users/kbenlyaz/Desktop/-ft_containers/IMG/center_2021_11_10_08_09_45_687.jpg,/Users/kbenlyaz/Desktop/-ft_containers/IMG/left_2021_11_10_08_09_45_687.jpg,/Users/kbenlyaz/Desktop/-ft_containers/IMG/right_2021_11_10_08_09_45_687.jpg,0,1,0,30.1909
/Users/kbenlyaz/Desktop/-ft_containers/IMG/center_2021_11_10_08_09_45_769.jpg,/Users/kbenlyaz/Desktop/-ft_containers/IMG/left_2021_11_10_08_09_45_769.jpg,/Users/kbenlyaz/Desktop/-ft_containers/IMG/right_2021_11_10_08_09_45_769.jpg,0,1,0,30.19079
/Users/kbenlyaz/Desktop/-ft_containers/IMG/center_2021_11_10_08_09_45_851.jpg,/Users/kbenlyaz/Desktop/-ft_containers/IMG/left_2021_11_10_08_09_45_851.jpg,/Users/kbenlyaz/Desktop/-ft_containers/IMG/right_2021_11_10_08_09_45_851.jpg,0,1,0,30.19027
/Users/kbenlyaz/Desktop/-ft_containers/IMG/center_2021_11_10_08_09_45_933.jpg,/Users/kbenlyaz/Desktop/-ft_containers/IMG/left_2021_11_10_08_09_45_933.jpg,/Users/kbenlyaz/Desktop/-ft_containers/IMG/right_2021_11_10_08_09_45_933.jpg,0,1,0,30.19037
/Users/kbenlyaz/Desktop/-ft_containers/IMG/center_2021_11_10_08_09_46_015.jpg,/Users/kbenlyaz/Desktop/-ft_containers/IMG/left_2021_11_10_08_09_46_015.jpg,/Users/kbenlyaz/Desktop/-ft_containers/IMG/right_2021_11_10_08_09_46_015.jpg,0,1,0,30.18987
/Users/kbenlyaz/Desktop/-ft_containers/IMG/center_2021_11_10_08_09_46_083.jpg,/Users/kbenlyaz/Desktop/-ft_containers/IMG/left_2021_11_10_08_09_46_083.jpg,/Users/kbenlyaz/Desktop/-ft_containers/IMG/right_2021_11_10_08_09_46_083.jpg,0,0.948331,0,30.19023
/Users/kbenlyaz/Desktop/-ft_containers/IMG/center_2021_11_10_08_09_46_164.jpg,/Users/kbenlyaz/Desktop/-ft_containers/IMG/left_2021_11_10_08_09_46_164.jpg,/Users/kbenlyaz/Desktop/-ft_containers/IMG/right_2021_11_10_08_09_46_164.jpg,-0.2,0.705247,0,30.11607
/Users/kbenlyaz/Desktop/-ft_containers/IMG/center_2021_11_10_08_09_46_247.jpg,/Users/kbenlyaz/Desktop/-ft_containers/IMG/left_2021_11_10_08_09_46_247.jpg,/Users/kbenlyaz/Desktop/-ft_containers/IMG/right_2021_11_10_08_09_46_247.jpg,-0.4,0.4580561,0,30.03219
/Users/kbenlyaz/Desktop/-ft_containers/IMG/center_2021_11_10_08_09_46_328.jpg,/Users/kbenlyaz/Desktop/-ft_containers/IMG/left_2021_11_10_08_09_46_328.jpg,/Users/kbenlyaz/Desktop/-ft_containers/IMG/right_2021_11_10_08_09_46_328.jpg,-0.6000001,0.2134243,0,29.91067
/Users/kbenlyaz/Desktop/-ft_containers/IMG/center_2021_11_10_08_09_46_397.jpg,/Users/kbenlyaz/Desktop/-ft_containers/IMG/left_2021_11_10_08_09_46_397.jpg,/Users/kbenlyaz/Desktop/-ft_containers/IMG/right_2021_11_10_08_09_46_397.jpg,-0.7500002,0.06084132,0,29.64429
/Users/kbenlyaz/Desktop/-ft_containers/IMG/center_2021_11_10_08_09_46_474.jpg,/Users/kbenlyaz/Desktop/-ft_containers/IMG/left_2021_11_10_08_09_46_474.jpg,/Users/kbenlyaz/Desktop/-ft_containers/IMG/right_2021_11_10_08_09_46_474.jpg,0,0,0,29.20931
/Users/kbenlyaz/Desktop/-ft_containers/IMG/center_2021_11_10_08_09_46_555.jpg,/Users/kbenlyaz/Desktop/-ft_containers/IMG/left_2021_11_10_08_09_46_555.jpg,/Users/kbenlyaz/Desktop/-ft_containers/IMG/right_2021_11_10_08_09_46_555.jpg,0,0.2096697,0,28.97948
/Users/kbenlyaz/Desktop/-ft_containers/IMG/center_2021_11_10_08_09_46_625.jpg,/Users/kbenlyaz/Desktop/-ft_containers/IMG/left_2021_11_10_08_09_46_625.jpg,/Users/kbenlyaz/Desktop/-ft_containers/IMG/right_2021_11_10_08_09_46_625.jpg,0,0.4191688,0,29.03576
/Users/kbenlyaz/Desktop/-ft_containers/IMG/center_2021_11_10_08_09_46_696.jpg,/Users/kbenlyaz/Desktop/-ft_containers/IMG/left_2021_11_10_08_09_46_696.jpg,/Users/kbenlyaz/Desktop/-ft_containers/IMG/right_2021_11_10_08_09_46_696.jpg,0,0.580008,0,29.21548
/Users/kbenlyaz/Desktop/-ft_containers/IMG/center_2021_11_10_08_09_46_765.jpg,/Users/kbenlyaz/Desktop/-ft_containers/IMG/left_2021_11_10_08_09_46_765.jpg,/Users/kbenlyaz/Desktop/-ft_containers/IMG/right_2021_11_10_08_09_46_765.jpg,0,0.7381228,0,29.6742
/Users/kbenlyaz/Desktop/-ft_containers/IMG/center_2021_11_10_08_09_46_833.jpg,/Users/kbenlyaz/Desktop/-ft_containers/IMG/left_2021_11_10_08_09_46_833.jpg,/Users/kbenlyaz/Desktop/-ft_containers/IMG/right_2021_11_10_08_09_46_833.jpg,0,0.534246,0,29.98007
/Users/kbenlyaz/Desktop/-ft_containers/IMG/center_2021_11_10_08_09_46_901.jpg,/Users/kbenlyaz/Desktop/-ft_containers/IMG/left_2021_11_10_08_09_46_901.jpg,/Users/kbenlyaz/Desktop/-ft_containers/IMG/right_2021_11_10_08_09_46_901.jpg,0,0.3299907,0,30.03027
/Users/kbenlyaz/Desktop/-ft_containers/IMG/center_2021_11_10_08_09_46_984.jpg,/Users/kbenlyaz/Desktop/-ft_containers/IMG/left_2021_11_10_08_09_46_984.jpg,/Users/kbenlyaz/Desktop/-ft_containers/IMG/right_2021_11_10_08_09_46_984.jpg,0,0.08129096,0,29.94501
/Users/kbenlyaz/Desktop/-ft_containers/IMG/center_2021_11_10_08_09_47_066.jpg,/Users/kbenlyaz/Desktop/-ft_containers/IMG/left_2021_11_10_08_09_47_066.jpg,/Users/kbenlyaz/Desktop/-ft_containers/IMG/right_2021_11_10_08_09_47_066.jpg,0.15,0,0,29.7141
/Users/kbenlyaz/Desktop/-ft_containers/IMG/center_2021_11_10_08_09_47_133.jpg,/Users/kbenlyaz/Desktop/-ft_containers/IMG/left_2021_11_10_08_09_47_133.jpg,/Users/kbenlyaz/Desktop/-ft_containers/IMG/right_2021_11_10_08_09_47_133.jpg,0.3,0,0,29.48944
/Users/kbenlyaz/Desktop/-ft_containers/IMG/center_2021_11_10_08_09_47_216.jpg,/Users/kbenlyaz/Desktop/-ft_containers/IMG/left_2021_11_10_08_09_47_216.jpg,/Users/kbenlyaz/Desktop/-ft_containers/IMG/right_2021_11_10_08_09_47_216.jpg,0,0,0,29.24466
/Users/kbenlyaz/Desktop/-ft_containers/IMG/center_2021_11_10_08_09_47_297.jpg,/Users/kbenlyaz/Desktop/-ft_containers/IMG/left_2021_11_10_08_09_47_297.jpg,/Users/kbenlyaz/Desktop/-ft_containers/IMG/right_2021_11_10_08_09_47_297.jpg,0,0.04950893,0,29.0069
/Users/kbenlyaz/Desktop/-ft_containers/IMG/center_2021_11_10_08_09_47_378.jpg,/Users/kbenlyaz/Desktop/-ft_containers/IMG/left_2021_11_10_08_09_47_378.jpg,/Users/kbenlyaz/Desktop/-ft_containers/IMG/right_2021_11_10_08_09_47_378.jpg,0,0.2908652,0,28.94293
/Users/kbenlyaz/Desktop/-ft_containers/IMG/center_2021_11_10_08_09_47_451.jpg,/Users/kbenlyaz/Desktop/-ft_containers/IMG/left_2021_11_10_08_09_47_451.jpg,/Users/kbenlyaz/Desktop/-ft_containers/IMG/right_2021_11_10_08_09_47_451.jpg,0,0.559482,0,29.11015
/Users/kbenlyaz/Desktop/-ft_containers/IMG/center_2021_11_10_08_09_47_526.jpg,/Users/kbenlyaz/Desktop/-ft_containers/IMG/left_2021_11_10_08_09_47_526.jpg,/Users/kbenlyaz/Desktop/-ft_containers/IMG/right_2021_11_10_08_09_47_526.jpg,0,0.7851992,0,29.5029
/Users/kbenlyaz/Desktop/-ft_containers/IMG/center_2021_11_10_08_09_47_600.jpg,/Users/kbenlyaz/Desktop/-ft_containers/IMG/left_2021_11_10_08_09_47_600.jpg,/Users/kbenlyaz/Desktop/-ft_containers/IMG/right_2021_11_10_08_09_47_600.jpg,0,1,0,30.12386
/Users/kbenlyaz/Desktop/-ft_containers/IMG/center_2021_11_10_08_09_47_672.jpg,/Users/kbenlyaz/Desktop/-ft_containers/IMG/left_2021_11_10_08_09_47_672.jpg,/Users/kbenlyaz/Desktop/-ft_containers/IMG/right_2021_11_10_08_09_47_672.jpg,0,1,0,30.19128
/Users/kbenlyaz/Desktop/-ft_containers/IMG/center_2021_11_10_08_09_47_748.jpg,/Users/kbenlyaz/Desktop/-ft_containers/IMG/left_2021_11_10_08_09_47_748.jpg,/Users/kbenlyaz/Desktop/-ft_containers/IMG/right_2021_11_10_08_09_47_748.jpg,0,1,0,30.19064
/Users/kbenlyaz/Desktop/-ft_containers/IMG/center_2021_11_10_08_09_47_824.jpg,/Users/kbenlyaz/Desktop/-ft_containers/IMG/left_2021_11_10_08_09_47_824.jpg,/Users/kbenlyaz/Desktop/-ft_containers/IMG/right_2021_11_10_08_09_47_824.jpg,0,1,0,30.19055
/Users/kbenlyaz/Desktop/-ft_containers/IMG/center_2021_11_10_08_09_47_901.jpg,/Users/kbenlyaz/Desktop/-ft_containers/IMG/left_2021_11_10_08_09_47_901.jpg,/Users/kbenlyaz/Desktop/-ft_containers/IMG/right_2021_11_10_08_09_47_901.jpg,0,1,0,30.1906
/Users/kbenlyaz/Desktop/-ft_containers/IMG/center_2021_11_10_08_09_47_976.jpg,/Users/kbenlyaz/Desktop/-ft_containers/IMG/left_2021_11_10_08_09_47_976.jpg,/Users/kbenlyaz/Desktop/-ft_containers/IMG/right_2021_11_10_08_09_47_976.jpg,0,1,0,30.19055
/Users/kbenlyaz/Desktop/-ft_containers/IMG/center_2021_11_10_08_09_48_052.jpg,/Users/kbenlyaz/Desktop/-ft_containers/IMG/left_2021_11_10_08_09_48_052.jpg,/Users/kbenlyaz/Desktop/-ft_containers/IMG/right_2021_11_10_08_09_48_052.jpg,0,1,0,30.19058
/Users/kbenlyaz/Desktop/-ft_containers/IMG/center_2021_11_10_08_09_48_123.jpg,/Users/kbenlyaz/Desktop/-ft_containers/IMG/left_2021_11_10_08_09_48_123.jpg,/Users/kbenlyaz/Desktop/-ft_containers/IMG/right_2021_11_10_08_09_48_123.jpg,0,1,0,30.19058
/Users/kbenlyaz/Desktop/-ft_containers/IMG/center_2021_11_10_08_09_48_198.jpg,/Users/kbenlyaz/Desktop/-ft_containers/IMG/left_2021_11_10_08_09_48_198.jpg,/Users/kbenlyaz/Desktop/-ft_containers/IMG/right_2021_11_10_08_09_48_198.jpg,0,1,0,30.19069
/Users/kbenlyaz/Desktop/-ft_containers/IMG/center_2021_11_10_08_09_48_275.jpg,/Users/kbenlyaz/Desktop/-ft_containers/IMG/left_2021_11_10_08_09_48_275.jpg,/Users/kbenlyaz/Desktop/-ft_containers/IMG/right_2021_11_10_08_09_48_275.jpg,0,1,0,30.1903
/Users/kbenlyaz/Desktop/-ft_containers/IMG/center_2021_11_10_08_09_48_348.jpg,/Users/kbenlyaz/Desktop/-ft_containers/IMG/left_2021_11_10_08_09_48_348.jpg,/Users/kbenlyaz/Desktop/-ft_containers/IMG/right_2021_11_10_08_09_48_348.jpg,-0.15,0.737578,0,30.13634
/Users/kbenlyaz/Desktop/-ft_containers/IMG/center_2021_11_10_08_09_48_420.jpg,/Users/kbenlyaz/Desktop/-ft_containers/IMG/left_2021_11_10_08_09_48_420.jpg,/Users/kbenlyaz/Desktop/-ft_containers/IMG/right_2021_11_10_08_09_48_420.jpg,-0.35,0.522649,0,30.05271
/Users/kbenlyaz/Desktop/-ft_containers/IMG/center_2021_11_10_08_09_48_493.jpg,/Users/kbenlyaz/Desktop/-ft_containers/IMG/left_2021_11_10_08_09_48_493.jpg,/Users/kbenlyaz/Desktop/-ft_containers/IMG/right_2021_11_10_08_09_48_493.jpg,-0.5000001,0.3045579,0,29.99134
/Users/kbenlyaz/Desktop/-ft_containers/IMG/center_2021_11_10_08_09_48_559.jpg,/Users/kbenlyaz/Desktop/-ft_containers/IMG/left_2021_11_10_08_09_48_559.jpg,/Users/kbenlyaz/Desktop/-ft_containers/IMG/right_2021_11_10_08_09_48_559.jpg,-0.7,0.1044641,0,29.72659
/Users/kbenlyaz/Desktop/-ft_containers/IMG/center_2021_11_10_08_09_48_631.jpg,/Users/kbenlyaz/Desktop/-ft_containers/IMG/left_2021_11_10_08_09_48_631.jpg,/Users/kbenlyaz/Desktop/-ft_containers/IMG/right_2021_11_10_08_09_48_631.jpg,0,0,0,29.45889
/Users/kbenlyaz/Desktop/-ft_containers/IMG/center_2021_11_10_08_09_48_703.jpg,/Users/kbenlyaz/Desktop/-ft_containers/IMG/left_2021_11_10_08_09_48_703.jpg,/Users/kbenlyaz/Desktop/-ft_containers/IMG/right_2021_11_10_08_09_48_703.jpg,0,0.05694294,0,29.1922
/Users/kbenlyaz/Desktop/-ft_containers/IMG/center_2021_11_10_08_09_48_784.jpg,/Users/kbenlyaz/Desktop/-ft_containers/IMG/left_2021_11_10_08_09_48_784.jpg,/Users/kbenlyaz/Desktop/-ft_containers/IMG/right_2021_11_10_08_09_48_784.jpg,0,0.298713,0,29.11657
/Users/kbenlyaz/Desktop/-ft_containers/IMG/center_2021_11_10_08_09_48_860.jpg,/Users/kbenlyaz/Desktop/-ft_containers/IMG/left_2021_11_10_08_09_48_860.jpg,/Users/kbenlyaz/Desktop/-ft_containers/IMG/right_2021_11_10_08_09_48_860.jpg,0,0.5268778,0,29.27356
/Users/kbenlyaz/Desktop/-ft_containers/IMG/center_2021_11_10_08_09_48_935.jpg,/Users/kbenlyaz/Desktop/-ft_containers/IMG/left_2021_11_10_08_09_48_935.jpg,/Users/kbenlyaz/Desktop/-ft_containers/IMG/right_2021_11_10_08_09_48_935.jpg,0,0.7067009,0,29.54806
/Users/kbenlyaz/Desktop/-ft_containers/IMG/center_2021_11_10_08_09_49_011.jpg,/Users/kbenlyaz/Desktop/-ft_containers/IMG/left_2021_11_10_08_09_49_011.jpg,/Users/kbenlyaz/Desktop/-ft_containers/IMG/right_2021_11_10_08_09_49_011.jpg,0,0.9795388,0,30.10915
/Users/kbenlyaz/Desktop/-ft_containers/IMG/center_2021_11_10_08_09_49_087.jpg,/Users/kbenlyaz/Desktop/-ft_containers/IMG/left_2021_11_10_08_09_49_087.jpg,/Users/kbenlyaz/Desktop/-ft_containers/IMG/right_2021_11_10_08_09_49_087.jpg,0,1,0,30.19024
/Users/kbenlyaz/Desktop/-ft_containers/IMG/center_2021_11_10_08_09_49_163.jpg,/Users/kbenlyaz/Desktop/-ft_containers/IMG/left_2021_11_10_08_09_49_163.jpg,/Users/kbenlyaz/Desktop/-ft_containers/IMG/right_2021_11_10_08_09_49_163.jpg,0,1,0,30.19027
/Users/kbenlyaz/Desktop/-ft_containers/IMG/center_2021_11_10_08_09_49_239.jpg,/Users/kbenlyaz/Desktop/-ft_containers/IMG/left_2021_11_10_08_09_49_239.jpg,/Users/kbenlyaz/Desktop/-ft_containers/IMG/right_2021_11_10_08_09_49_239.jpg,0,1,0,30.19029
/Users/kbenlyaz/Desktop/-ft_containers/IMG/center_2021_11_10_08_09_49_314.jpg,/Users/kbenlyaz/Desktop/-ft_containers/IMG/left_2021_11_10_08_09_49_314.jpg,/Users/kbenlyaz/Desktop/-ft_containers/IMG/right_2021_11_10_08_09_49_314.jpg,0,1,0,30.19029
/Users/kbenlyaz/Desktop/-ft_containers/IMG/center_2021_11_10_08_09_49_389.jpg,/Users/kbenlyaz/Desktop/-ft_containers/IMG/left_2021_11_10_08_09_49_389.jpg,/Users/kbenlyaz/Desktop/-ft_containers/IMG/right_2021_11_10_08_09_49_389.jpg,0,1,0,30.18999
/Users/kbenlyaz/Desktop/-ft_containers/IMG/center_2021_11_10_08_09_49_463.jpg,/Users/kbenlyaz/Desktop/-ft_containers/IMG/left_2021_11_10_08_09_49_463.jpg,/Users/kbenlyaz/Desktop/-ft_containers/IMG/right_2021_11_10_08_09_49_463.jpg,0,1,0,30.18952
/Users/kbenlyaz/Desktop/-ft_containers/IMG/center_2021_11_10_08_09_49_539.jpg,/Users/kbenlyaz/Desktop/-ft_containers/IMG/left_2021_11_10_08_09_49_539.jpg,/Users/kbenlyaz/Desktop/-ft_containers/IMG/right_2021_11_10_08_09_49_539.jpg,0,1,0,30.1901
/Users/kbenlyaz/Desktop/-ft_containers/IMG/center_2021_11_10_08_09_49_614.jpg,/Users/kbenlyaz/Desktop/-ft_containers/IMG/left_2021_11_10_08_09_49_614.jpg,/Users/kbenlyaz/Desktop/-ft_containers/IMG/right_2021_11_10_08_09_49_614.jpg,0,1,0,30.19002
/Users/kbenlyaz/Desktop/-ft_containers/IMG/center_2021_11_10_08_09_49_686.jpg,/Users/kbenlyaz/Desktop/-ft_containers/IMG/left_2021_11_10_08_09_49_686.jpg,/Users/kbenlyaz/Desktop/-ft_containers/IMG/right_2021_11_10_08_09_49_686.jpg,0,1,0,30.19036
/Users/kbenlyaz/Desktop/-ft_containers/IMG/center_2021_11_10_08_09_49_758.jpg,/Users/kbenlyaz/Desktop/-ft_containers/IMG/left_2021_11_10_08_09_49_758.jpg,/Users/kbenlyaz/Desktop/-ft_containers/IMG/right_2021_11_10_08_09_49_758.jpg,0,1,0,30.19025
/Users/kbenlyaz/Desktop/-ft_containers/IMG/center_2021_11_10_08_09_49_830.jpg,/Users/kbenlyaz/Desktop/-ft_containers/IMG/left_2021_11_10_08_09_49_830.jpg,/Users/kbenlyaz/Desktop/-ft_containers/IMG/right_2021_11_10_08_09_49_830.jpg,0,1,0,30.19027
/Users/kbenlyaz/Desktop/-ft_containers/IMG/center_2021_11_10_08_09_49_902.jpg,/Users/kbenlyaz/Desktop/-ft_containers/IMG/left_2021_11_10_08_09_49_902.jpg,/Users/kbenlyaz/Desktop/-ft_containers/IMG/right_2021_11_10_08_09_49_902.jpg,0,1,0,30.19031
/Users/kbenlyaz/Desktop/-ft_containers/IMG/center_2021_11_10_08_09_49_975.jpg,/Users/kbenlyaz/Desktop/-ft_containers/IMG/left_2021_11_10_08_09_49_975.jpg,/Users/kbenlyaz/Desktop/-ft_containers/IMG/right_2021_11_10_08_09_49_975.jpg,0,1,0,30.19029
/Users/kbenlyaz/Desktop/-ft_containers/IMG/center_2021_11_10_08_09_50_047.jpg,/Users/kbenlyaz/Desktop/-ft_containers/IMG/left_2021_11_10_08_09_50_047.jpg,/Users/kbenlyaz/Desktop/-ft_containers/IMG/right_2021_11_10_08_09_50_047.jpg,0,1,0,30.1903
/Users/kbenlyaz/Desktop/-ft_containers/IMG/center_2021_11_10_08_09_50_119.jpg,/Users/kbenlyaz/Desktop/-ft_containers/IMG/left_2021_11_10_08_09_50_119.jpg,/Users/kbenlyaz/Desktop/-ft_containers/IMG/right_2021_11_10_08_09_50_119.jpg,0,1,0,30.19029
/Users/kbenlyaz/Desktop/-ft_containers/IMG/center_2021_11_10_08_09_50_202.jpg,/Users/kbenlyaz/Desktop/-ft_containers/IMG/left_2021_11_10_08_09_50_202.jpg,/Users/kbenlyaz/Desktop/-ft_containers/IMG/right_2021_11_10_08_09_50_202.jpg,0,1,0,30.19029
/Users/kbenlyaz/Desktop/-ft_containers/IMG/center_2021_11_10_08_09_50_280.jpg,/Users/kbenlyaz/Desktop/-ft_containers/IMG/left_2021_11_10_08_09_50_280.jpg,/Users/kbenlyaz/Desktop/-ft_containers/IMG/right_2021_11_10_08_09_50_280.jpg,0,1,0,30.19028
/Users/kbenlyaz/Desktop/-ft_containers/IMG/center_2021_11_10_08_09_50_360.jpg,/Users/kbenlyaz/Desktop/-ft_containers/IMG/left_2021_11_10_08_09_50_360.jpg,/Users/kbenlyaz/Desktop/-ft_containers/IMG/right_2021_11_10_08_09_50_360.jpg,0,1,0,30.19029
/Users/kbenlyaz/Desktop/-ft_containers/IMG/center_2021_11_10_08_09_50_427.jpg,/Users/kbenlyaz/Desktop/-ft_containers/IMG/left_2021_11_10_08_09_50_427.jpg,/Users/kbenlyaz/Desktop/-ft_containers/IMG/right_2021_11_10_08_09_50_427.jpg,0,1,0,30.1903
/Users/kbenlyaz/Desktop/-ft_containers/IMG/center_2021_11_10_08_09_50_505.jpg,/Users/kbenlyaz/Desktop/-ft_containers/IMG/left_2021_11_10_08_09_50_505.jpg,/Users/kbenlyaz/Desktop/-ft_containers/IMG/right_2021_11_10_08_09_50_505.jpg,0,1,0,30.19028
/Users/kbenlyaz/Desktop/-ft_containers/IMG/center_2021_11_10_08_09_50_585.jpg,/Users/kbenlyaz/Desktop/-ft_containers/IMG/left_2021_11_10_08_09_50_585.jpg,/Users/kbenlyaz/Desktop/-ft_containers/IMG/right_2021_11_10_08_09_50_585.jpg,0,1,0,30.19022
/Users/kbenlyaz/Desktop/-ft_containers/IMG/center_2021_11_10_08_09_50_652.jpg,/Users/kbenlyaz/Desktop/-ft_containers/IMG/left_2021_11_10_08_09_50_652.jpg,/Users/kbenlyaz/Desktop/-ft_containers/IMG/right_2021_11_10_08_09_50_652.jpg,-0.1,1,0,30.18768
/Users/kbenlyaz/Desktop/-ft_containers/IMG/center_2021_11_10_08_09_50_731.jpg,/Users/kbenlyaz/Desktop/-ft_containers/IMG/left_2021_11_10_08_09_50_731.jpg,/Users/kbenlyaz/Desktop/-ft_containers/IMG/right_2021_11_10_08_09_50_731.jpg,-0.3,0.723814,0,30.11351
/Users/kbenlyaz/Desktop/-ft_containers/IMG/center_2021_11_10_08_09_50_800.jpg,/Users/kbenlyaz/Desktop/-ft_containers/IMG/left_2021_11_10_08_09_50_800.jpg,/Users/kbenlyaz/Desktop/-ft_containers/IMG/right_2021_11_10_08_09_50_800.jpg,-0.5000001,0.51622,0,30.03258
/Users/kbenlyaz/Desktop/-ft_containers/IMG/center_2021_11_10_08_09_50_871.jpg,/Users/kbenlyaz/Desktop/-ft_containers/IMG/left_2021_11_10_08_09_50_871.jpg,/Users/kbenlyaz/Desktop/-ft_containers/IMG/right_2021_11_10_08_09_50_871.jpg,-0.6500001,0.3016958,0,29.95658
/Users/kbenlyaz/Desktop/-ft_containers/IMG/center_2021_11_10_08_09_50_942.jpg,/Users/kbenlyaz/Desktop/-ft_containers/IMG/left_2021_11_10_08_09_50_942.jpg,/Users/kbenlyaz/Desktop/-ft_containers/IMG/right_2021_11_10_08_09_50_942.jpg,-0.8500001,0.0899229,0,29.62504
/Users/kbenlyaz/Desktop/-ft_containers/IMG/center_2021_11_10_08_09_51_011.jpg,/Users/kbenlyaz/Desktop/-ft_containers/IMG/left_2021_11_10_08_09_51_011.jpg,/Users/kbenlyaz/Desktop/-ft_containers/IMG/right_2021_11_10_08_09_51_011.jpg,0,0,0,29.40109
/Users/kbenlyaz/Desktop/-ft_containers/IMG/center_2021_11_10_08_09_51_083.jpg,/Users/kbenlyaz/Desktop/-ft_containers/IMG/left_2021_11_10_08_09_51_083.jpg,/Users/kbenlyaz/Desktop/-ft_containers/IMG/right_2021_11_10_08_09_51_083.jpg,0,0.4,0,29.13282
/Users/kbenlyaz/Desktop/-ft_containers/IMG/center_2021_11_10_08_10_01_284.jpg,/Users/kbenlyaz/Desktop/-ft_containers/IMG/left_2021_11_10_08_10_01_284.jpg,/Users/kbenlyaz/Desktop/-ft_containers/IMG/right_2021_11_10_08_10_01_284.jpg,0,0,0,13.16142
/Users/kbenlyaz/Desktop/-ft_containers/IMG/center_2021_11_10_08_10_01_349.jpg,/Users/kbenlyaz/Desktop/-ft_containers/IMG/left_2021_11_10_08_10_01_349.jpg,/Users/kbenlyaz/Desktop/-ft_containers/IMG/right_2021_11_10_08_10_01_349.jpg,0,0,0,12.7356
/Users/kbenlyaz/Desktop/-ft_containers/IMG/center_2021_11_10_08_10_01_426.jpg,/Users/kbenlyaz/Desktop/-ft_containers/IMG/left_2021_11_10_08_10_01_426.jpg,/Users/kbenlyaz/Desktop/-ft_containers/IMG/right_2021_11_10_08_10_01_426.jpg,0,0,0,12.41548
/Users/kbenlyaz/Desktop/-ft_containers/IMG/center_2021_11_10_08_10_01_505.jpg,/Users/kbenlyaz/Desktop/-ft_containers/IMG/left_2021_11_10_08_10_01_505.jpg,/Users/kbenlyaz/Desktop/-ft_containers/IMG/right_2021_11_10_08_10_01_505.jpg,0,0,0,12.31091
/Users/kbenlyaz/Desktop/-ft_containers/IMG/center_2021_11_10_08_10_01_587.jpg,/Users/kbenlyaz/Desktop/-ft_containers/IMG/left_2021_11_10_08_10_01_587.jpg,/Users/kbenlyaz/Desktop/-ft_containers/IMG/right_2021_11_10_08_10_01_587.jpg,0,0,0,12.20698
/Users/kbenlyaz/Desktop/-ft_containers/IMG/center_2021_11_10_08_10_01_668.jpg,/Users/kbenlyaz/Desktop/-ft_containers/IMG/left_2021_11_10_08_10_01_668.jpg,/Users/kbenlyaz/Desktop/-ft_containers/IMG/right_2021_11_10_08_10_01_668.jpg,0,0,0,12.10394
/Users/kbenlyaz/Desktop/-ft_containers/IMG/center_2021_11_10_08_10_01_748.jpg,/Users/kbenlyaz/Desktop/-ft_containers/IMG/left_2021_11_10_08_10_01_748.jpg,/Users/kbenlyaz/Desktop/-ft_containers/IMG/right_2021_11_10_08_10_01_748.jpg,0,0,0,12.00165
/Users/kbenlyaz/Desktop/-ft_containers/IMG/center_2021_11_10_08_10_01_817.jpg,/Users/kbenlyaz/Desktop/-ft_containers/IMG/left_2021_11_10_08_10_01_817.jpg,/Users/kbenlyaz/Desktop/-ft_containers/IMG/right_2021_11_10_08_10_01_817.jpg,0,0,0,12.47722
/Users/kbenlyaz/Desktop/-ft_containers/IMG/center_2021_11_10_08_10_01_890.jpg,/Users/kbenlyaz/Desktop/-ft_containers/IMG/left_2021_11_10_08_10_01_890.jpg,/Users/kbenlyaz/Desktop/-ft_containers/IMG/right_2021_11_10_08_10_01_890.jpg,0,0,0,12.37508
/Users/kbenlyaz/Desktop/-ft_containers/IMG/center_2021_11_10_08_10_01_963.jpg,/Users/kbenlyaz/Desktop/-ft_containers/IMG/left_2021_11_10_08_10_01_963.jpg,/Users/kbenlyaz/Desktop/-ft_containers/IMG/right_2021_11_10_08_10_01_963.jpg,0,0,0,12.27366
/Users/kbenlyaz/Desktop/-ft_containers/IMG/center_2021_11_10_08_10_02_040.jpg,/Users/kbenlyaz/Desktop/-ft_containers/IMG/left_2021_11_10_08_10_02_040.jpg,/Users/kbenlyaz/Desktop/-ft_containers/IMG/right_2021_11_10_08_10_02_040.jpg,0,0,0,12.17308
/Users/kbenlyaz/Desktop/-ft_containers/IMG/center_2021_11_10_08_10_02_116.jpg,/Users/kbenlyaz/Desktop/-ft_containers/IMG/left_2021_11_10_08_10_02_116.jpg,/Users/kbenlyaz/Desktop/-ft_containers/IMG/right_2021_11_10_08_10_02_116.jpg,0,0,0,11.55186
/Users/kbenlyaz/Desktop/-ft_containers/IMG/center_2021_11_10_08_10_02_190.jpg,/Users/kbenlyaz/Desktop/-ft_containers/IMG/left_2021_11_10_08_10_02_190.jpg,/Users/kbenlyaz/Desktop/-ft_containers/IMG/right_2021_11_10_08_10_02_190.jpg,0,0,0,11.45449
/Users/kbenlyaz/Desktop/-ft_containers/IMG/center_2021_11_10_08_10_02_277.jpg,/Users/kbenlyaz/Desktop/-ft_containers/IMG/left_2021_11_10_08_10_02_277.jpg,/Users/kbenlyaz/Desktop/-ft_containers/IMG/right_2021_11_10_08_10_02_277.jpg,0,0,0,11.35938
/Users/kbenlyaz/Desktop/-ft_containers/IMG/center_2021_11_10_08_10_02_359.jpg,/Users/kbenlyaz/Desktop/-ft_containers/IMG/left_2021_11_10_08_10_02_359.jpg,/Users/kbenlyaz/Desktop/-ft_containers/IMG/right_2021_11_10_08_10_02_359.jpg,0,0,0,11.78602
/Users/kbenlyaz/Desktop/-ft_containers/IMG/center_2021_11_10_08_10_02_435.jpg,/Users/kbenlyaz/Desktop/-ft_containers/IMG/left_2021_11_10_08_10_02_435.jpg,/Users/kbenlyaz/Desktop/-ft_containers/IMG/right_2021_11_10_08_10_02_435.jpg,0,0,0,11.17253
/Users/kbenlyaz/Desktop/-ft_containers/IMG/center_2021_11_10_08_10_02_505.jpg,/Users/kbenlyaz/Desktop/-ft_containers/IMG/left_2021_11_10_08_10_02_505.jpg,/Users/kbenlyaz/Desktop/-ft_containers/IMG/right_2021_11_10_08_10_02_505.jpg,0,0,0,11.71951
/Users/kbenlyaz/Desktop/-ft_containers/IMG/center_2021_11_10_08_10_02_577.jpg,/Users/kbenlyaz/Desktop/-ft_containers/IMG/left_2021_11_10_08_10_02_577.jpg,/Users/kbenlyaz/Desktop/-ft_containers/IMG/right_2021_11_10_08_10_02_577.jpg,0,0,0,11.29842
/Users/kbenlyaz/Desktop/-ft_containers/IMG/center_2021_11_10_08_10_02_653.jpg,/Users/kbenlyaz/Desktop/-ft_containers/IMG/left_2021_11_10_08_10_02_653.jpg,/Users/kbenlyaz/Desktop/-ft_containers/IMG/right_2021_11_10_08_10_02_653.jpg,0,0,0,11.15991
/Users/kbenlyaz/Desktop/-ft_containers/IMG/center_2021_11_10_08_10_02_731.jpg,/Users/kbenlyaz/Desktop/-ft_containers/IMG/left_2021_11_10_08_10_02_731.jpg,/Users/kbenlyaz/Desktop/-ft_containers/IMG/right_2021_11_10_08_10_02_731.jpg,0,0,0,11.25025
/Users/kbenlyaz/Desktop/-ft_containers/IMG/center_2021_11_10_08_10_02_822.jpg,/Users/kbenlyaz/Desktop/-ft_containers/IMG/left_2021_11_10_08_10_02_822.jpg,/Users/kbenlyaz/Desktop/-ft_containers/IMG/right_2021_11_10_08_10_02_822.jpg,0,0,0,11.09435
/Users/kbenlyaz/Desktop/-ft_containers/IMG/center_2021_11_10_08_10_02_890.jpg,/Users/kbenlyaz/Desktop/-ft_containers/IMG/left_2021_11_10_08_10_02_890.jpg,/Users/kbenlyaz/Desktop/-ft_containers/IMG/right_2021_11_10_08_10_02_890.jpg,0,0,0,11.02739
/Users/kbenlyaz/Desktop/-ft_containers/IMG/center_2021_11_10_08_10_02_957.jpg,/Users/kbenlyaz/Desktop/-ft_containers/IMG/left_2021_11_10_08_10_02_957.jpg,/Users/kbenlyaz/Desktop/-ft_containers/IMG/right_2021_11_10_08_10_02_957.jpg,0,0,0,10.96085
/Users/kbenlyaz/Desktop/-ft_containers/IMG/center_2021_11_10_08_10_03_028.jpg,/Users/kbenlyaz/Desktop/-ft_containers/IMG/left_2021_11_10_08_10_03_028.jpg,/Users/kbenlyaz/Desktop/-ft_containers/IMG/right_2021_11_10_08_10_03_028.jpg,0,0,0,10.87275
/Users/kbenlyaz/Desktop/-ft_containers/IMG/center_2021_11_10_08_10_03_099.jpg,/Users/kbenlyaz/Desktop/-ft_containers/IMG/left_2021_11_10_08_10_03_099.jpg,/Users/kbenlyaz/Desktop/-ft_containers/IMG/right_2021_11_10_08_10_03_099.jpg,0,0,0,10.78535
/Users/kbenlyaz/Desktop/-ft_containers/IMG/center_2021_11_10_08_10_03_168.jpg,/Users/kbenlyaz/Desktop/-ft_containers/IMG/left_2021_11_10_08_10_03_168.jpg,/Users/kbenlyaz/Desktop/-ft_containers/IMG/right_2021_11_10_08_10_03_168.jpg,0,0,0,10.72026
/Users/kbenlyaz/Desktop/-ft_containers/IMG/center_2021_11_10_08_10_03_240.jpg,/Users/kbenlyaz/Desktop/-ft_containers/IMG/left_2021_11_10_08_10_03_240.jpg,/Users/kbenlyaz/Desktop/-ft_containers/IMG/right_2021_11_10_08_10_03_240.jpg,0,0,0,10.63409
/Users/kbenlyaz/Desktop/-ft_containers/IMG/center_2021_11_10_08_10_03_319.jpg,/Users/kbenlyaz/Desktop/-ft_containers/IMG/left_2021_11_10_08_10_03_319.jpg,/Users/kbenlyaz/Desktop/-ft_containers/IMG/right_2021_11_10_08_10_03_319.jpg,0,0.237054,0,10.68393
/Users/kbenlyaz/Desktop/-ft_containers/IMG/center_2021_11_10_08_10_03_396.jpg,/Users/kbenlyaz/Desktop/-ft_containers/IMG/left_2021_11_10_08_10_03_396.jpg,/Users/kbenlyaz/Desktop/-ft_containers/IMG/right_2021_11_10_08_10_03_396.jpg,0,0.431895,0,10.87219
/Users/kbenlyaz/Desktop/-ft_containers/IMG/center_2021_11_10_08_10_03_464.jpg,/Users/kbenlyaz/Desktop/-ft_containers/IMG/left_2021_11_10_08_10_03_464.jpg,/Users/kbenlyaz/Desktop/-ft_containers/IMG/right_2021_11_10_08_10_03_464.jpg,0,0.673086,0,11.39312
/Users/kbenlyaz/Desktop/-ft_containers/IMG/center_2021_11_10_08_10_03_535.jpg,/Users/kbenlyaz/Desktop/-ft_containers/IMG/left_2021_11_10_08_10_03_535.jpg,/Users/kbenlyaz/Desktop/-ft_containers/IMG/right_2021_11_10_08_10_03_535.jpg,0,0.847464,0,11.44433
/Users/kbenlyaz/Desktop/-ft_containers/IMG/center_2021_11_10_08_10_03_613.jpg,/Users/kbenlyaz/Desktop/-ft_containers/IMG/left_2021_11_10_08_10_03_613.jpg,/Users/kbenlyaz/Desktop/-ft_containers/IMG/right_2021_11_10_08_10_03_613.jpg,0,1,0,12.67708
/Users/kbenlyaz/Desktop/-ft_containers/IMG/center_2021_11_10_08_10_03_684.jpg,/Users/kbenlyaz/Desktop/-ft_containers/IMG/left_2021_11_10_08_10_03_684.jpg,/Users/kbenlyaz/Desktop/-ft_containers/IMG/right_2021_11_10_08_10_03_684.jpg,0,1,0,13.31063
/Users/kbenlyaz/Desktop/-ft_containers/IMG/center_2021_11_10_08_10_03_752.jpg,/Users/kbenlyaz/Desktop/-ft_containers/IMG/left_2021_11_10_08_10_03_752.jpg,/Users/kbenlyaz/Desktop/-ft_containers/IMG/right_2021_11_10_08_10_03_752.jpg,0,1,0,14.29447
/Users/kbenlyaz/Desktop/-ft_containers/IMG/center_2021_11_10_08_10_03_820.jpg,/Users/kbenlyaz/Desktop/-ft_containers/IMG/left_2021_11_10_08_10_03_820.jpg,/Users/kbenlyaz/Desktop/-ft_containers/IMG/right_2021_11_10_08_10_03_820.jpg,0,1,0,15.12366
/Users/kbenlyaz/Desktop/-ft_containers/IMG/center_2021_11_10_08_10_03_890.jpg,/Users/kbenlyaz/Desktop/-ft_containers/IMG/left_2021_11_10_08_10_03_890.jpg,/Users/kbenlyaz/Desktop/-ft_containers/IMG/right_2021_11_10_08_10_03_890.jpg,0,1,0,15.49631
/Users/kbenlyaz/Desktop/-ft_containers/IMG/center_2021_11_10_08_10_03_961.jpg,/Users/kbenlyaz/Desktop/-ft_containers/IMG/left_2021_11_10_08_10_03_961.jpg,/Users/kbenlyaz/Desktop/-ft_containers/IMG/right_2021_11_10_08_10_03_961.jpg,0,1,0,16.35714
/Users/kbenlyaz/Desktop/-ft_containers/IMG/center_2021_11_10_08_10_04_036.jpg,/Users/kbenlyaz/Desktop/-ft_containers/IMG/left_2021_11_10_08_10_04_036.jpg,/Users/kbenlyaz/Desktop/-ft_containers/IMG/right_2021_11_10_08_10_04_036.jpg,0,1,0,17.21954
/Users/kbenlyaz/Desktop/-ft_containers/IMG/center_2021_11_10_08_10_04_105.jpg,/Users/kbenlyaz/Desktop/-ft_containers/IMG/left_2021_11_10_08_10_04_105.jpg,/Users/kbenlyaz/Desktop/-ft_containers/IMG/right_2021_11_10_08_10_04_105.jpg,0,1,0,18.03878
/Users/kbenlyaz/Desktop/-ft_containers/IMG/center_2021_11_10_08_10_04_175.jpg,/Users/kbenlyaz/Desktop/-ft_containers/IMG/left_2021_11_10_08_10_04_175.jpg,/Users/kbenlyaz/Desktop/-ft_containers/IMG/right_2021_11_10_08_10_04_175.jpg,0,1,0,18.48282
/Users/kbenlyaz/Desktop/-ft_containers/IMG/center_2021_11_10_08_10_04_250.jpg,/Users/kbenlyaz/Desktop/-ft_containers/IMG/left_2021_11_10_08_10_04_250.jpg,/Users/kbenlyaz/Desktop/-ft_containers/IMG/right_2021_11_10_08_10_04_250.jpg,0,1,0,19.31906
/Users/kbenlyaz/Desktop/-ft_containers/IMG/center_2021_11_10_08_10_04_326.jpg,/Users/kbenlyaz/Desktop/-ft_containers/IMG/left_2021_11_10_08_10_04_326.jpg,/Users/kbenlyaz/Desktop/-ft_containers/IMG/right_2021_11_10_08_10_04_326.jpg,0,1,0,20.14719
/Users/kbenlyaz/Desktop/-ft_containers/IMG/center_2021_11_10_08_10_04_394.jpg,/Users/kbenlyaz/Desktop/-ft_containers/IMG/left_2021_11_10_08_10_04_394.jpg,/Users/kbenlyaz/Desktop/-ft_containers/IMG/right_2021_11_10_08_10_04_394.jpg,0,1,0,20.84915
/Users/kbenlyaz/Desktop/-ft_containers/IMG/center_2021_11_10_08_10_04_466.jpg,/Users/kbenlyaz/Desktop/-ft_containers/IMG/left_2021_11_10_08_10_04_466.jpg,/Users/kbenlyaz/Desktop/-ft_containers/IMG/right_2021_11_10_08_10_04_466.jpg,0,1,0,21.63703
/Users/kbenlyaz/Desktop/-ft_containers/IMG/center_2021_11_10_08_10_04_545.jpg,/Users/kbenlyaz/Desktop/-ft_containers/IMG/left_2021_11_10_08_10_04_545.jpg,/Users/kbenlyaz/Desktop/-ft_containers/IMG/right_2021_11_10_08_10_04_545.jpg,0,1,0,22.4193
/Users/kbenlyaz/Desktop/-ft_containers/IMG/center_2021_11_10_08_10_04_621.jpg,/Users/kbenlyaz/Desktop/-ft_containers/IMG/left_2021_11_10_08_10_04_621.jpg,/Users/kbenlyaz/Desktop/-ft_containers/IMG/right_2021_11_10_08_10_04_621.jpg,0,1,0,23.19793
/Users/kbenlyaz/Desktop/-ft_containers/IMG/center_2021_11_10_08_10_04_736.jpg,/Users/kbenlyaz/Desktop/-ft_containers/IMG/left_2021_11_10_08_10_04_736.jpg,/Users/kbenlyaz/Desktop/-ft_containers/IMG/right_2021_11_10_08_10_04_736.jpg,0,1,0,24.16318
/Users/kbenlyaz/Desktop/-ft_containers/IMG/center_2021_11_10_08_10_04_813.jpg,/Users/kbenlyaz/Desktop/-ft_containers/IMG/left_2021_11_10_08_10_04_813.jpg,/Users/kbenlyaz/Desktop/-ft_containers/IMG/right_2021_11_10_08_10_04_813.jpg,0,1,0,24.93773
/Users/kbenlyaz/Desktop/-ft_containers/IMG/center_2021_11_10_08_10_04_891.jpg,/Users/kbenlyaz/Desktop/-ft_containers/IMG/left_2021_11_10_08_10_04_891.jpg,/Users/kbenlyaz/Desktop/-ft_containers/IMG/right_2021_11_10_08_10_04_891.jpg,0,1,0,25.70494
/Users/kbenlyaz/Desktop/-ft_containers/IMG/center_2021_11_10_08_10_04_959.jpg,/Users/kbenlyaz/Desktop/-ft_containers/IMG/left_2021_11_10_08_10_04_959.jpg,/Users/kbenlyaz/Desktop/-ft_containers/IMG/right_2021_11_10_08_10_04_959.jpg,0,1,0,26.46561
/Users/kbenlyaz/Desktop/-ft_containers/IMG/center_2021_11_10_08_10_05_027.jpg,/Users/kbenlyaz/Desktop/-ft_containers/IMG/left_2021_11_10_08_10_05_027.jpg,/Users/kbenlyaz/Desktop/-ft_containers/IMG/right_2021_11_10_08_10_05_027.jpg,0,1,0,27.03205
/Users/kbenlyaz/Desktop/-ft_containers/IMG/center_2021_11_10_08_10_05_095.jpg,/Users/kbenlyaz/Desktop/-ft_containers/IMG/left_2021_11_10_08_10_05_095.jpg,/Users/kbenlyaz/Desktop/-ft_containers/IMG/right_2021_11_10_08_10_05_095.jpg,0,0.8381408,0,27.54555
/Users/kbenlyaz/Desktop/-ft_containers/IMG/center_2021_11_10_08_10_05_162.jpg,/Users/kbenlyaz/Desktop/-ft_containers/IMG/left_2021_11_10_08_10_05_162.jpg,/Users/kbenlyaz/Desktop/-ft_containers/IMG/right_2021_11_10_08_10_05_162.jpg,-0.2,0.595486,0,27.9985
/Users/kbenlyaz/Desktop/-ft_containers/IMG/center_2021_11_10_08_10_05_237.jpg,/Users/kbenlyaz/Desktop/-ft_containers/IMG/left_2021_11_10_08_10_05_237.jpg,/Users/kbenlyaz/Desktop/-ft_containers/IMG/right_2021_11_10_08_10_05_237.jpg,-0.35,0.371008,0,28.14063
/Users/kbenlyaz/Desktop/-ft_containers/IMG/center_2021_11_10_08_10_05_317.jpg,/Users/kbenlyaz/Desktop/-ft_containers/IMG/left_2021_11_10_08_10_05_317.jpg,/Users/kbenlyaz/Desktop/-ft_containers/IMG/right_2021_11_10_08_10_05_317.jpg,-0.5500001,0.1737098,0,28.03946
/Users/kbenlyaz/Desktop/-ft_containers/IMG/center_2021_11_10_08_10_05_388.jpg,/Users/kbenlyaz/Desktop/-ft_containers/IMG/left_2021_11_10_08_10_05_388.jpg,/Users/kbenlyaz/Desktop/-ft_containers/IMG/right_2021_11_10_08_10_05_388.jpg,0,0,0,27.78802
/Users/kbenlyaz/Desktop/-ft_containers/IMG/center_2021_11_10_08_10_05_456.jpg,/Users/kbenlyaz/Desktop/-ft_containers/IMG/left_2021_11_10_08_10_05_456.jpg,/Users/kbenlyaz/Desktop/-ft_containers/IMG/right_2021_11_10_08_10_05_456.jpg,0,0,0,27.61119
/Users/kbenlyaz/Desktop/-ft_containers/IMG/center_2021_11_10_08_10_05_526.jpg,/Users/kbenlyaz/Desktop/-ft_containers/IMG/left_2021_11_10_08_10_05_526.jpg,/Users/kbenlyaz/Desktop/-ft_containers/IMG/right_2021_11_10_08_10_05_526.jpg,0,0,0,27.38523
/Users/kbenlyaz/Desktop/-ft_containers/IMG/center_2021_11_10_08_10_05_598.jpg,/Users/kbenlyaz/Desktop/-ft_containers/IMG/left_2021_11_10_08_10_05_598.jpg,/Users/kbenlyaz/Desktop/-ft_containers/IMG/right_2021_11_10_08_10_05_598.jpg,0,0.07423496,0,27.17878
/Users/kbenlyaz/Desktop/-ft_containers/IMG/center_2021_11_10_08_10_05_671.jpg,/Users/kbenlyaz/Desktop/-ft_containers/IMG/left_2021_11_10_08_10_05_671.jpg,/Users/kbenlyaz/Desktop/-ft_containers/IMG/right_2021_11_10_08_10_05_671.jpg,0,0.2550148,0,27.13511
/Users/kbenlyaz/Desktop/-ft_containers/IMG/center_2021_11_10_08_10_05_747.jpg,/Users/kbenlyaz/Desktop/-ft_containers/IMG/left_2021_11_10_08_10_05_747.jpg,/Users/kbenlyaz/Desktop/-ft_containers/IMG/right_2021_11_10_08_10_05_747.jpg,0,0.5195968,0,27.28485
/Users/kbenlyaz/Desktop/-ft_containers/IMG/center_2021_11_10_08_10_05_822.jpg,/Users/kbenlyaz/Desktop/-ft_containers/IMG/left_2021_11_10_08_10_05_822.jpg,/Users/kbenlyaz/Desktop/-ft_containers/IMG/right_2021_11_10_08_10_05_822.jpg,0,0.7461058,0,27.67714
/Users/kbenlyaz/Desktop/-ft_containers/IMG/center_2021_11_10_08_10_05_902.jpg,/Users/kbenlyaz/Desktop/-ft_containers/IMG/left_2021_11_10_08_10_05_902.jpg,/Users/kbenlyaz/Desktop/-ft_containers/IMG/right_2021_11_10_08_10_05_902.jpg,0,0.9848907,0,28.292
/Users/kbenlyaz/Desktop/-ft_containers/IMG/center_2021_11_10_08_10_05_978.jpg,/Users/kbenlyaz/Desktop/-ft_containers/IMG/left_2021_11_10_08_10_05_978.jpg,/Users/kbenlyaz/Desktop/-ft_containers/IMG/right_2021_11_10_08_10_05_978.jpg,0,1,0,29.02924
/Users/kbenlyaz/Desktop/-ft_containers/IMG/center_2021_11_10_08_10_06_053.jpg,/Users/kbenlyaz/Desktop/-ft_containers/IMG/left_2021_11_10_08_10_06_053.jpg,/Users/kbenlyaz/Desktop/-ft_containers/IMG/right_2021_11_10_08_10_06_053.jpg,0,1,0,29.58006
/Users/kbenlyaz/Desktop/-ft_containers/IMG/center_2021_11_10_08_10_06_129.jpg,/Users/kbenlyaz/Desktop/-ft_containers/IMG/left_2021_11_10_08_10_06_129.jpg,/Users/kbenlyaz/Desktop/-ft_containers/IMG/right_2021_11_10_08_10_06_129.jpg,0,0.7731702,0,30.14579
/Users/kbenlyaz/Desktop/-ft_containers/IMG/center_2021_11_10_08_10_06_204.jpg,/Users/kbenlyaz/Desktop/-ft_containers/IMG/left_2021_11_10_08_10_06_204.jpg,/Users/kbenlyaz/Desktop/-ft_containers/IMG/right_2021_11_10_08_10_06_204.jpg,0,0.5490942,0,30.09429
/Users/kbenlyaz/Desktop/-ft_containers/IMG/center_2021_11_10_08_10_06_280.jpg,/Users/kbenlyaz/Desktop/-ft_containers/IMG/left_2021_11_10_08_10_06_280.jpg,/Users/kbenlyaz/Desktop/-ft_containers/IMG/right_2021_11_10_08_10_06_280.jpg,0,0.3207821,0,30.02016
/Users/kbenlyaz/Desktop/-ft_containers/IMG/center_2021_11_10_08_10_06_358.jpg,/Users/kbenlyaz/Desktop/-ft_containers/IMG/left_2021_11_10_08_10_06_358.jpg,/Users/kbenlyaz/Desktop/-ft_containers/IMG/right_2021_11_10_08_10_06_358.jpg,0,0.08605301,0,29.94448
/Users/kbenlyaz/Desktop/-ft_containers/IMG/center_2021_11_10_08_10_06_437.jpg,/Users/kbenlyaz/Desktop/-ft_containers/IMG/left_2021_11_10_08_10_06_437.jpg,/Users/kbenlyaz/Desktop/-ft_containers/IMG/right_2021_11_10_08_10_06_437.jpg,0,0.08147693,0,29.79464
/Users/kbenlyaz/Desktop/-ft_containers/IMG/center_2021_11_10_08_10_06_505.jpg,/Users/kbenlyaz/Desktop/-ft_containers/IMG/left_2021_11_10_08_10_06_505.jpg,/Users/kbenlyaz/Desktop/-ft_containers/IMG/right_2021_11_10_08_10_06_505.jpg,0,0.3250498,0,29.73615
/Users/kbenlyaz/Desktop/-ft_containers/IMG/center_2021_11_10_08_10_06_586.jpg,/Users/kbenlyaz/Desktop/-ft_containers/IMG/left_2021_11_10_08_10_06_586.jpg,/Users/kbenlyaz/Desktop/-ft_containers/IMG/right_2021_11_10_08_10_06_586.jpg,0,0.5662558,0,29.90548
/Users/kbenlyaz/Desktop/-ft_containers/IMG/center_2021_11_10_08_10_06_653.jpg,/Users/kbenlyaz/Desktop/-ft_containers/IMG/left_2021_11_10_08_10_06_653.jpg,/Users/kbenlyaz/Desktop/-ft_containers/IMG/right_2021_11_10_08_10_06_653.jpg,0,0.727806,0,30.11868
/Users/kbenlyaz/Desktop/-ft_containers/IMG/center_2021_11_10_08_10_06_720.jpg,/Users/kbenlyaz/Desktop/-ft_containers/IMG/left_2021_11_10_08_10_06_720.jpg,/Users/kbenlyaz/Desktop/-ft_containers/IMG/right_2021_11_10_08_10_06_720.jpg,0,0.9679438,0,30.17783
/Users/kbenlyaz/Desktop/-ft_containers/IMG/center_2021_11_10_08_10_06_787.jpg,/Users/kbenlyaz/Desktop/-ft_containers/IMG/left_2021_11_10_08_10_06_787.jpg,/Users/kbenlyaz/Desktop/-ft_containers/IMG/right_2021_11_10_08_10_06_787.jpg,0,1,0,30.18967
/Users/kbenlyaz/Desktop/-ft_containers/IMG/center_2021_11_10_08_10_06_863.jpg,/Users/kbenlyaz/Desktop/-ft_containers/IMG/left_2021_11_10_08_10_06_863.jpg,/Users/kbenlyaz/Desktop/-ft_containers/IMG/right_2021_11_10_08_10_06_863.jpg,0,1,0,30.1903
/Users/kbenlyaz/Desktop/-ft_containers/IMG/center_2021_11_10_08_10_06_938.jpg,/Users/kbenlyaz/Desktop/-ft_containers/IMG/left_2021_11_10_08_10_06_938.jpg,/Users/kbenlyaz/Desktop/-ft_containers/IMG/right_2021_11_10_08_10_06_938.jpg,0,1,0,30.19022
/Users/kbenlyaz/Desktop/-ft_containers/IMG/center_2021_11_10_08_10_07_012.jpg,/Users/kbenlyaz/Desktop/-ft_containers/IMG/left_2021_11_10_08_10_07_012.jpg,/Users/kbenlyaz/Desktop/-ft_containers/IMG/right_2021_11_10_08_10_07_012.jpg,0,1,0,30.1903
/Users/kbenlyaz/Desktop/-ft_containers/IMG/center_2021_11_10_08_10_07_091.jpg,/Users/kbenlyaz/Desktop/-ft_containers/IMG/left_2021_11_10_08_10_07_091.jpg,/Users/kbenlyaz/Desktop/-ft_containers/IMG/right_2021_11_10_08_10_07_091.jpg,0,1,0,30.19031
/Users/kbenlyaz/Desktop/-ft_containers/IMG/center_2021_11_10_08_10_07_157.jpg,/Users/kbenlyaz/Desktop/-ft_containers/IMG/left_2021_11_10_08_10_07_157.jpg,/Users/kbenlyaz/Desktop/-ft_containers/IMG/right_2021_11_10_08_10_07_157.jpg,0,1,0,30.1904
/Users/kbenlyaz/Desktop/-ft_containers/IMG/center_2021_11_10_08_10_07_236.jpg,/Users/kbenlyaz/Desktop/-ft_containers/IMG/left_2021_11_10_08_10_07_236.jpg,/Users/kbenlyaz/Desktop/-ft_containers/IMG/right_2021_11_10_08_10_07_236.jpg,0,1,0,30.1903
/Users/kbenlyaz/Desktop/-ft_containers/IMG/center_2021_11_10_08_10_07_346.jpg,/Users/kbenlyaz/Desktop/-ft_containers/IMG/left_2021_11_10_08_10_07_346.jpg,/Users/kbenlyaz/Desktop/-ft_containers/IMG/right_2021_11_10_08_10_07_346.jpg,0,0.4,0,30.06855
